electrode,time_of_event,max_voltage_uv,ISI
0,2025-06-05 15:02:15.163191,-29.055,3.3e-05
0,2025-06-06 17:36:02.062464,57.915,0.0002
0,2025-06-08 18:57:34.327696,-33.15,0.000466
0,2025-06-08 18:57:39.618163,-34.71,0.000467
0,2025-06-08 19:17:19.483631,-35.685,3.3e-05
0,2025-06-08 19:17:28.563364,-34.125,0.0003
0,2025-06-08 19:40:01.268545,-33.54,0.0002
0,2025-06-08 19:40:05.671845,-35.88,0.000434
0,2025-06-08 19:45:22.168775,-27.495,0.0002
0,2025-06-08 19:48:47.059137,-37.83,0.0001
0,2025-06-08 21:48:17.083064,-3844.23,3.3e-05
0,2025-06-08 22:03:46.243745,-3768.76,0.0003
0,2025-06-08 22:43:40.889390,2633.28,0.0005
0,2025-06-08 22:47:16.141156,890.37,0.000734
0,2025-06-08 22:47:16.414222,2409.42,0.000866
0,2025-06-08 22:47:58.747888,882.57,0.0009
0,2025-06-08 22:47:59.294022,-3771.5,3.4e-05
0,2025-06-08 22:54:40.630439,103.35,0.000266
0,2025-06-08 22:55:21.590506,323.895,0.000167
0,2025-06-08 22:55:21.761106,54.6,0.000333
0,2025-06-08 22:55:36.848039,252.915,0.0002
0,2025-06-08 22:58:03.028402,-372.84,3.3e-05
0,2025-06-08 22:58:42.391829,1275.89,0.0008
0,2025-06-08 22:58:42.665229,2820.48,0.000533
0,2025-06-08 22:58:42.837462,-4261.14,0.000333
0,2025-06-08 22:59:15.987685,-28.08,0.000666
0,2025-06-08 23:11:33.260692,248.82,0.0002
0,2025-06-08 23:12:41.868692,325.65,0.000167
0,2025-06-08 23:13:04.669792,324.09,0.000167
0,2025-06-08 23:14:21.503892,52.26,0.000334
0,2025-06-08 23:14:35.600958,104.715,0.000266
0,2025-06-08 23:16:04.534281,-4230.13,0.000266
0,2025-06-08 23:16:39.426168,-4121.13,3.3e-05
0,2025-06-08 23:19:06.543382,334.62,0.000166
0,2025-06-08 23:19:06.713982,30.03,0.000366
0,2025-06-08 23:19:07.464982,323.7,0.000166
0,2025-06-08 23:22:51.447849,98.475,0.000267
0,2025-06-08 23:22:52.369449,172.185,0.000233
0,2025-06-08 23:23:32.783316,35.49,0.000367
0,2025-06-08 23:24:31.936449,317.655,0.000167
0,2025-06-08 23:24:32.107049,31.785,0.000367
0,2025-06-08 23:34:03.302243,2803.32,0.000533
0,2025-06-08 23:34:37.657938,-28.08,0.000367
0,2025-06-09 01:59:35.404014,-364.845,3.4e-05
0,2025-06-09 02:03:05.283978,1864.2,0.000567
0,2025-06-09 02:03:05.454278,1676.42,0.0006
0,2025-06-09 02:05:40.355172,1884.48,0.0006
0,2025-06-09 02:05:40.525472,1838.46,0.0006
0,2025-06-09 02:05:40.798405,-85.995,0.000233
0,2025-06-09 02:05:41.276705,1754.81,0.000533
0,2025-06-09 02:05:41.447105,1769.43,0.000533
0,2025-06-09 02:05:41.617605,855.27,0.000733
0,2025-06-09 02:05:41.890672,-81.315,0.0004
0,2025-06-09 02:07:40.982205,1856.01,0.000567
0,2025-06-09 02:07:41.425605,-79.56,0.0004
0,2025-06-09 02:11:12.335538,1381.19,0.000466
0,2025-06-09 02:11:12.608538,-119.535,0.000233
0,2025-06-09 02:11:13.086672,1698.06,0.000534
0,2025-06-09 02:11:13.257072,1619.67,0.000534
0,2025-06-09 03:37:17.818644,222.3,0.000133
0,2025-06-09 03:38:06.561044,41.535,0.0003
0,2025-06-09 03:38:14.377611,39.39,0.0003
0,2025-06-09 03:38:15.299144,464.295,0.0001
0,2025-06-09 03:39:11.277811,196.755,0.000134
0,2025-06-09 03:42:20.581311,-83.655,0.0001
0,2025-06-09 03:43:59.602111,41.145,0.0002
0,2025-06-09 03:44:44.794611,33.93,0.000267
0,2025-06-09 03:47:51.469811,-80.925,0.0001
0,2025-06-09 03:48:06.556811,461.76,0.0001
0,2025-06-09 03:50:48.621911,32.955,0.0003
0,2025-06-09 03:50:54.765811,-62.595,0.0001
0,2025-06-09 03:51:47.433611,178.23,0.000134
0,2025-06-09 03:52:07.094344,469.56,0.0001
0,2025-06-09 03:53:10.684744,27.3,0.0002
0,2025-06-09 03:53:25.054877,-81.12,0.0001
1,2025-06-05 14:52:33.189991,-37.245,0.0003
1,2025-06-05 14:58:43.502391,-36.465,0.0005
1,2025-06-05 15:32:27.574924,-40.95,3.3e-05
1,2025-06-05 19:06:34.604413,-29.445,3.4e-05
1,2025-06-06 17:36:02.062464,55.38,6.6e-05
1,2025-06-08 22:54:40.630439,102.96,0.000266
1,2025-06-08 22:55:21.590506,332.67,0.000167
1,2025-06-08 22:55:21.761106,59.28,0.000333
1,2025-06-08 22:55:36.848039,240.435,0.0002
1,2025-06-08 22:58:03.028402,-410.67,3.3e-05
1,2025-06-08 23:04:54.281967,25.35,0.0003
1,2025-06-08 23:11:33.260692,251.94,0.0002
1,2025-06-08 23:12:41.868692,304.395,0.000167
1,2025-06-08 23:12:42.039358,34.125,0.0004
1,2025-06-08 23:13:04.669792,328.575,0.000167
1,2025-06-08 23:14:21.503892,60.45,0.000334
1,2025-06-08 23:14:35.600958,99.645,0.000266
1,2025-06-08 23:19:06.543382,327.6,0.000166
1,2025-06-08 23:19:06.713982,38.415,0.000366
1,2025-06-08 23:19:07.464982,311.61,0.000166
1,2025-06-08 23:22:51.447849,103.155,0.000267
1,2025-06-08 23:22:52.369449,153.66,0.000233
1,2025-06-08 23:23:32.783316,37.83,0.000367
1,2025-06-08 23:24:31.936449,320.775,0.000167
1,2025-06-08 23:24:32.107049,43.485,0.000367
1,2025-06-08 23:41:56.897677,31.59,0.0004
1,2025-06-09 01:59:35.404014,-411.06,3.4e-05
1,2025-06-09 02:03:05.454278,196.56,0.000334
1,2025-06-09 02:05:40.525338,380.835,0.0002
1,2025-06-09 02:05:40.696105,56.94,0.0007
1,2025-06-09 02:05:41.447038,420.42,0.0002
1,2025-06-09 02:11:12.335538,314.535,0.0002
1,2025-06-09 02:11:12.506205,58.5,0.0007
1,2025-06-09 02:11:13.257072,322.92,0.000267
1,2025-06-09 03:37:17.818611,299.52,0.0001
1,2025-06-09 03:38:06.561077,30.615,0.000333
1,2025-06-09 03:38:14.377611,33.735,0.0003
1,2025-06-09 03:38:15.299144,424.32,0.0001
1,2025-06-09 03:38:55.269277,471.12,0.0001
1,2025-06-09 03:39:11.277811,195.39,3.4e-05
1,2025-06-09 03:40:08.690177,163.02,0.000133
1,2025-06-09 03:42:20.581311,-30.42,0.0001
1,2025-06-09 03:44:44.794644,34.71,0.0003
1,2025-06-09 03:46:32.417011,-152.685,3.4e-05
1,2025-06-09 03:48:06.556811,424.125,0.0001
1,2025-06-09 03:50:48.621811,44.265,0.0002
1,2025-06-09 03:50:54.765911,26.91,0.0002
1,2025-06-09 03:52:07.094344,429.975,0.0001
1,2025-06-09 03:53:25.054877,-34.515,0.0001
2,2025-06-05 14:05:43.053727,-41.145,0.000967
2,2025-06-05 14:28:04.808058,27.3,0.000534
2,2025-06-05 16:13:43.186822,28.08,0.000566
2,2025-06-05 16:15:00.055022,-30.03,3.3e-05
2,2025-06-05 16:28:58.676889,-41.925,3.3e-05
2,2025-06-05 16:42:09.102489,-31.98,3.3e-05
2,2025-06-06 17:36:02.062464,52.65,0.0002
2,2025-06-08 22:54:40.630439,107.25,0.000266
2,2025-06-08 22:55:21.590506,301.275,0.000167
2,2025-06-08 22:55:21.761106,58.89,0.000333
2,2025-06-08 22:55:36.848039,233.415,0.0002
2,2025-06-08 22:58:03.028402,-366.21,3.3e-05
2,2025-06-08 23:04:54.281967,34.32,0.0003
2,2025-06-08 23:11:33.260692,227.565,0.0002
2,2025-06-08 23:12:41.868692,300.3,0.000167
2,2025-06-08 23:12:42.039358,29.445,0.0004
2,2025-06-08 23:13:04.669792,302.25,0.000167
2,2025-06-08 23:14:21.503892,55.575,0.000334
2,2025-06-08 23:14:35.600958,105.69,0.000266
2,2025-06-08 23:19:06.543382,293.67,0.000166
2,2025-06-08 23:19:06.713982,34.905,0.000366
2,2025-06-08 23:19:07.464949,289.77,0.000133
2,2025-06-08 23:22:51.447849,108.225,0.000267
2,2025-06-08 23:22:52.369449,147.81,0.000233
2,2025-06-08 23:23:32.783316,39.195,0.000367
2,2025-06-08 23:24:31.936449,298.935,0.000167
2,2025-06-08 23:24:32.107049,39.39,0.000367
2,2025-06-08 23:41:56.897677,36.27,0.0004
2,2025-06-09 01:59:35.404014,-355.68,3.4e-05
2,2025-06-09 02:03:05.454278,126.165,0.000367
2,2025-06-09 02:05:40.525338,278.265,0.000233
2,2025-06-09 02:05:41.446972,551.07,0.000167
2,2025-06-09 02:11:12.335472,443.625,0.000167
2,2025-06-09 02:11:13.086405,-1815.45,3.3e-05
2,2025-06-09 02:11:13.257072,162.045,0.0003
2,2025-06-09 03:38:06.561044,38.415,0.0003
2,2025-06-09 03:38:14.377611,37.05,0.0003
2,2025-06-09 03:38:15.299144,415.35,0.0001
2,2025-06-09 03:39:11.277811,156.195,3.4e-05
2,2025-06-09 03:40:08.690177,147.615,0.000133
2,2025-06-09 03:42:20.581277,81.705,0.000166
2,2025-06-09 03:42:35.019677,26.325,3.3e-05
2,2025-06-09 03:42:40.583444,173.745,0.0001
2,2025-06-09 03:44:44.794611,39.0,0.000267
2,2025-06-09 03:46:32.417111,134.355,0.000134
2,2025-06-09 03:48:06.556811,414.57,0.0001
2,2025-06-09 03:50:48.621911,37.44,0.0003
2,2025-06-09 03:50:54.765944,26.52,0.000333
2,2025-06-09 03:51:23.540211,26.91,0.0002
2,2025-06-09 03:52:07.094344,420.225,0.0001
2,2025-06-09 03:52:41.944544,94.77,0.000133
3,2025-06-05 13:57:24.463469,45.045,0.000366
3,2025-06-05 14:01:54.746679,-63.18,6.7e-05
3,2025-06-05 14:05:42.882660,29.25,3.3e-05
3,2025-06-05 14:07:06.159335,42.12,0.000333
3,2025-06-05 14:17:37.550179,-27.69,3.4e-05
3,2025-06-05 14:20:02.196791,-33.93,6.7e-05
3,2025-06-05 14:20:48.857058,-30.225,6.7e-05
3,2025-06-05 14:34:13.516258,-50.505,3.4e-05
3,2025-06-05 14:35:16.458124,-50.505,6.6e-05
3,2025-06-05 14:35:36.494391,-48.165,3.3e-05
3,2025-06-05 14:35:56.121058,38.025,0.000367
3,2025-06-05 14:36:01.036258,-77.22,3.4e-05
3,2025-06-05 14:36:23.257058,-43.29,0.0001
3,2025-06-05 14:37:14.081591,-67.86,6.7e-05
3,2025-06-05 14:46:55.303991,-62.595,0.0001
3,2025-06-05 14:47:45.923724,-60.84,3.3e-05
3,2025-06-05 14:51:11.167591,-35.88,0.0002
3,2025-06-05 14:51:14.717624,37.245,0.000466
3,2025-06-05 14:53:02.681158,46.8,0.0003
3,2025-06-05 14:55:30.376024,38.415,0.000366
3,2025-06-05 14:56:06.932891,43.875,0.000367
3,2025-06-05 14:56:27.412791,-39.975,0.000133
3,2025-06-05 14:56:32.498691,37.245,0.0003
3,2025-06-05 14:57:29.262424,46.215,0.0004
3,2025-06-05 14:57:40.697358,42.315,0.000467
3,2025-06-05 14:59:57.059724,36.27,0.000366
3,2025-06-05 15:00:38.736691,-34.905,0.0002
3,2025-06-05 15:00:54.199091,44.655,0.0004
3,2025-06-05 15:01:15.190924,-73.905,0.0001
3,2025-06-05 15:01:56.219324,41.145,0.000433
3,2025-06-05 15:02:18.235191,-61.035,0.0001
3,2025-06-05 15:02:26.222658,41.145,0.0004
3,2025-06-05 15:02:34.243724,-102.57,3.3e-05
3,2025-06-05 15:02:43.323191,35.685,0.0004
3,2025-06-05 15:03:02.369691,35.88,0.0003
3,2025-06-05 15:03:50.907191,-58.5,6.7e-05
3,2025-06-05 15:05:36.276791,-56.16,0.0001
3,2025-06-05 15:06:19.114124,-65.13,0.0001
3,2025-06-05 15:10:32.554124,-89.895,3.3e-05
3,2025-06-05 15:11:55.498124,-76.245,3.3e-05
3,2025-06-05 15:12:47.380791,-55.965,0.0001
3,2025-06-05 15:14:20.974391,-51.285,0.0001
3,2025-06-05 15:14:41.318124,40.365,0.000466
3,2025-06-05 15:15:16.953058,-82.875,3.4e-05
3,2025-06-05 15:15:35.931624,52.065,0.0006
3,2025-06-05 15:15:48.697058,-57.915,6.7e-05
3,2025-06-05 15:16:26.516791,-36.855,0.0001
3,2025-06-05 15:17:52.805858,-83.07,3.4e-05
3,2025-06-05 15:18:41.787191,-77.22,6.7e-05
3,2025-06-05 15:19:07.694391,-42.9,0.0001
3,2025-06-05 15:22:25.053324,-79.17,3.3e-05
3,2025-06-05 15:23:19.598391,-62.4,3.3e-05
3,2025-06-05 15:23:29.394658,-35.88,0.0001
3,2025-06-05 15:23:39.327458,-66.885,3.4e-05
3,2025-06-05 15:24:35.954658,-58.89,6.7e-05
3,2025-06-05 15:25:31.079991,-44.07,6.7e-05
3,2025-06-05 15:25:33.844791,-45.825,6.7e-05
3,2025-06-05 15:25:37.838391,-65.325,3.3e-05
3,2025-06-05 15:26:14.599991,-51.87,0.0001
3,2025-06-05 15:26:46.139191,-52.065,6.7e-05
3,2025-06-05 15:27:17.883191,-63.375,3.3e-05
3,2025-06-05 15:29:45.270924,-37.635,0.000133
3,2025-06-05 15:30:31.760524,-41.73,6.6e-05
3,2025-06-05 15:30:55.005324,-57.33,6.6e-05
3,2025-06-05 15:34:50.457058,-61.425,3.4e-05
3,2025-06-05 15:35:10.117858,-46.8,6.7e-05
3,2025-06-05 15:36:16.097591,-55.77,3.3e-05
3,2025-06-05 15:38:08.566924,-64.545,3.3e-05
3,2025-06-05 15:38:09.181324,-43.485,0.0001
3,2025-06-05 15:40:21.403289,-59.475,6.7e-05
3,2025-06-05 15:43:18.964889,-50.505,3.3e-05
3,2025-06-05 15:43:22.821956,-44.07,3.4e-05
3,2025-06-05 15:43:30.092356,-37.44,0.000134
3,2025-06-05 15:43:54.292889,-36.855,0.0001
3,2025-06-05 15:45:02.286489,-39.78,3.3e-05
3,2025-06-05 15:45:31.641156,-36.27,6.7e-05
3,2025-06-05 15:47:20.321689,-52.26,3.3e-05
3,2025-06-05 15:47:28.820889,-47.775,3.3e-05
3,2025-06-05 15:48:20.020922,-40.755,0.0002
3,2025-06-05 15:48:41.524889,-52.455,3.3e-05
3,2025-06-05 15:51:45.708356,-42.51,3.4e-05
3,2025-06-05 15:52:18.442222,-41.34,6.6e-05
3,2025-06-05 15:52:36.089156,-46.8,3.4e-05
3,2025-06-05 15:53:19.575022,-39.585,3.3e-05
3,2025-06-05 15:54:50.949956,-45.24,3.4e-05
3,2025-06-05 15:54:59.449156,-39.78,3.4e-05
3,2025-06-05 15:55:16.379289,-34.32,3.3e-05
3,2025-06-05 15:56:53.352089,-31.2,6.7e-05
3,2025-06-05 15:57:07.210222,-34.905,6.6e-05
3,2025-06-05 15:57:19.327556,-37.83,3.4e-05
3,2025-06-05 15:59:59.242222,-38.805,6.6e-05
3,2025-06-05 16:01:01.467289,-45.24,3.3e-05
3,2025-06-05 16:01:27.306222,-34.125,6.6e-05
3,2025-06-05 16:01:58.504089,-35.49,3.3e-05
3,2025-06-05 16:02:15.741422,-30.225,6.6e-05
3,2025-06-05 16:02:45.710489,-37.635,3.3e-05
3,2025-06-05 16:03:01.036356,-32.76,3.4e-05
3,2025-06-05 16:03:56.264089,-39.39,0.000133
3,2025-06-05 16:05:26.615022,-37.05,3.3e-05
3,2025-06-05 16:07:00.106222,-32.76,3.3e-05
3,2025-06-05 16:09:29.541956,-35.295,3.4e-05
3,2025-06-05 16:09:51.319022,-30.81,6.6e-05
3,2025-06-05 16:10:39.890756,-34.515,3.4e-05
3,2025-06-05 16:10:41.597422,-37.05,3.3e-05
3,2025-06-05 16:12:28.673689,-32.37,6.7e-05
3,2025-06-05 16:13:00.144622,-29.25,0.0001
3,2025-06-05 16:14:56.914822,-30.03,0.0002
3,2025-06-05 16:17:07.679556,-29.64,0.0001
3,2025-06-05 16:19:14.109489,-28.86,0.000233
3,2025-06-05 16:19:42.405956,-27.885,3.4e-05
3,2025-06-05 16:21:51.464089,-29.835,3.3e-05
3,2025-06-05 16:21:55.491822,-31.59,6.6e-05
3,2025-06-05 16:45:22.468056,-26.715,0.0003
3,2025-06-05 16:46:11.073689,-27.3,0.000167
3,2025-06-05 16:55:52.876356,-31.98,3.4e-05
3,2025-06-05 17:05:04.163822,-34.71,3.3e-05
3,2025-06-05 17:11:01.369289,-31.005,0.000233
3,2025-06-05 17:12:01.307322,-29.64,6.6e-05
3,2025-06-05 17:12:55.784089,-28.08,6.7e-05
3,2025-06-05 17:28:15.698658,-27.105,3.3e-05
3,2025-06-05 17:30:30.286392,-25.74,0.000134
3,2025-06-05 17:30:39.570692,-28.47,0.0001
3,2025-06-05 17:32:41.256192,-26.325,0.000267
3,2025-06-05 17:35:09.974925,-32.76,3.3e-05
3,2025-06-05 17:38:23.852292,-34.515,6.7e-05
3,2025-06-05 17:40:59.329625,-25.74,6.7e-05
3,2025-06-05 17:41:58.516792,-27.69,3.4e-05
3,2025-06-05 17:48:12.720525,-30.225,3.3e-05
3,2025-06-05 17:53:12.518055,88.335,0.000733
3,2025-06-05 18:01:31.145125,-27.3,3.3e-05
3,2025-06-05 18:02:40.875851,-26.13,0.0001
3,2025-06-05 18:18:54.665718,-30.42,0.0002
3,2025-06-05 18:22:54.930218,-31.395,3.4e-05
3,2025-06-06 17:36:02.062464,57.525,0.0002
3,2025-06-08 22:54:40.630439,111.735,0.000266
3,2025-06-08 22:55:21.590506,345.93,0.000167
3,2025-06-08 22:55:21.761106,62.01,0.000333
3,2025-06-08 22:55:36.848039,248.82,0.0002
3,2025-06-08 22:58:03.028402,-518.505,3.3e-05
3,2025-06-08 23:04:54.281967,31.98,0.0003
3,2025-06-08 23:11:33.260692,258.765,0.0002
3,2025-06-08 23:12:41.868692,339.69,0.000167
3,2025-06-08 23:12:42.039358,42.51,0.0004
3,2025-06-08 23:13:04.669792,340.665,0.000167
3,2025-06-08 23:13:04.840425,31.2,0.000467
3,2025-06-08 23:14:21.503892,69.615,0.000334
3,2025-06-08 23:14:35.600958,110.175,0.000266
3,2025-06-08 23:19:06.543382,328.575,0.000166
3,2025-06-08 23:19:06.713982,57.33,0.000366
3,2025-06-08 23:19:07.464982,334.23,0.000166
3,2025-06-08 23:19:40.130516,30.225,0.000467
3,2025-06-08 23:22:51.447849,120.9,0.000267
3,2025-06-08 23:22:52.369449,166.92,0.000233
3,2025-06-08 23:23:32.783316,56.355,0.000367
3,2025-06-08 23:23:33.704916,28.86,0.000467
3,2025-06-08 23:24:31.936449,335.595,0.000167
3,2025-06-08 23:24:32.107049,64.545,0.000367
3,2025-06-08 23:41:56.897677,39.0,0.0004
3,2025-06-09 01:59:35.404014,-475.8,3.4e-05
3,2025-06-09 02:03:05.454278,111.345,0.000334
3,2025-06-09 02:05:40.525338,302.64,0.000333
3,2025-06-09 02:05:41.447005,458.64,0.000167
3,2025-06-09 02:05:41.788338,-35.685,0.000966
3,2025-06-09 02:07:40.981905,-1244.88,0.000133
3,2025-06-09 02:07:41.323338,-37.245,0.000966
3,2025-06-09 02:11:12.335472,420.615,0.000267
3,2025-06-09 02:11:13.257072,108.225,0.000267
3,2025-06-09 03:38:06.561011,-34.515,0.000167
3,2025-06-09 03:38:14.377611,39.0,0.0002
3,2025-06-09 03:39:11.277811,179.4,3.4e-05
3,2025-06-09 03:40:08.690144,190.125,0.000133
3,2025-06-09 03:42:20.581277,65.13,0.0002
3,2025-06-09 03:42:35.019677,41.925,3.3e-05
3,2025-06-09 03:42:40.583444,196.17,0.0001
3,2025-06-09 03:44:44.794644,40.365,0.0002
3,2025-06-09 03:46:26.887411,-153.465,3.4e-05
3,2025-06-09 03:47:51.469811,-67.665,0.0001
3,2025-06-09 03:50:48.621911,29.445,0.0002
3,2025-06-09 03:50:54.765811,-28.47,0.0001
3,2025-06-09 03:52:41.944577,96.33,0.000133
3,2025-06-09 03:53:25.054877,-46.02,0.0001
4,2025-06-06 17:36:02.062464,57.135,0.0002
4,2025-06-08 21:24:44.146096,2143.05,0.000566
4,2025-06-08 22:54:40.630439,90.285,0.000266
4,2025-06-08 22:55:21.590473,362.115,0.000134
4,2025-06-08 22:55:21.761106,37.83,0.000333
4,2025-06-08 22:55:36.848039,224.25,0.0002
4,2025-06-08 22:58:03.028502,358.215,0.000133
4,2025-06-08 23:04:54.281967,25.545,0.000333
4,2025-06-08 23:11:33.260692,216.645,0.0002
4,2025-06-08 23:12:41.868692,315.12,0.000167
4,2025-06-08 23:13:04.669758,351.78,0.000133
4,2025-06-08 23:14:21.503892,42.12,0.000334
4,2025-06-08 23:14:35.600958,84.24,0.000266
4,2025-06-08 23:19:06.543349,353.73,0.000133
4,2025-06-08 23:19:06.713982,34.515,0.000366
4,2025-06-08 23:19:07.464949,356.85,0.000133
4,2025-06-08 23:22:51.447849,78.195,0.000267
4,2025-06-08 23:22:52.369449,139.035,0.000233
4,2025-06-08 23:23:32.783316,32.955,0.000367
4,2025-06-08 23:24:31.936416,353.925,0.000134
4,2025-06-08 23:24:32.107049,33.93,0.000367
4,2025-06-09 01:59:35.404114,350.415,0.000134
4,2025-06-09 02:03:05.283611,1027.65,0.000267
4,2025-06-09 02:03:05.454278,223.275,0.000667
4,2025-06-09 02:05:40.354772,776.1,0.000267
4,2025-06-09 02:05:40.525338,320.58,0.000533
4,2025-06-09 02:05:41.276372,846.885,0.000267
4,2025-06-09 02:05:41.447005,441.675,0.0005
4,2025-06-09 02:07:40.981872,821.34,0.0003
4,2025-06-09 02:11:12.335505,335.985,0.0005
4,2025-06-09 02:11:13.086405,525.72,0.000333
4,2025-06-09 02:11:13.257072,281.775,0.0006
4,2025-06-09 03:37:47.207444,-36.66,0.000333
4,2025-06-09 03:38:06.561011,-86.97,0.000134
4,2025-06-09 03:38:14.377611,42.12,0.0002
4,2025-06-09 03:38:55.269277,326.235,0.000133
4,2025-06-09 03:39:11.277811,214.305,3.4e-05
4,2025-06-09 03:42:20.581311,-58.11,0.0001
4,2025-06-09 03:42:35.019677,53.82,3.3e-05
4,2025-06-09 03:43:59.602111,27.69,0.0002
4,2025-06-09 03:44:44.794644,36.465,0.0002
4,2025-06-09 03:47:51.469811,35.685,0.0002
4,2025-06-09 03:50:48.621911,42.705,0.0002
4,2025-06-09 03:50:54.765811,57.72,0.0002
4,2025-06-09 03:53:25.054877,45.045,0.0002
5,2025-06-06 17:36:02.062464,61.815,0.0002
5,2025-06-08 22:54:40.630439,84.435,0.000266
5,2025-06-08 22:55:21.590473,341.25,0.000134
5,2025-06-08 22:55:21.761106,31.005,0.000333
5,2025-06-08 22:55:36.848039,223.47,0.0002
5,2025-06-08 22:58:03.028502,325.65,0.000133
5,2025-06-08 23:04:54.281967,28.275,0.000333
5,2025-06-08 23:11:33.260692,226.395,0.0002
5,2025-06-08 23:12:41.868692,315.9,0.000167
5,2025-06-08 23:13:04.669758,342.03,0.000133
5,2025-06-08 23:14:21.503892,40.17,0.000334
5,2025-06-08 23:14:35.600958,81.705,0.000266
5,2025-06-08 23:19:06.543349,347.1,0.000133
5,2025-06-08 23:19:07.464949,331.305,0.000133
5,2025-06-08 23:22:51.447849,97.305,0.000267
5,2025-06-08 23:22:52.369449,155.61,0.000233
5,2025-06-08 23:23:32.783316,30.225,0.000367
5,2025-06-08 23:24:31.936416,343.005,0.000134
5,2025-06-09 01:59:35.404014,-345.93,3.4e-05
5,2025-06-09 02:03:05.454278,285.87,0.000634
5,2025-06-09 02:05:40.525472,-667.68,0.000367
5,2025-06-09 02:05:40.696172,-34.125,0.000767
5,2025-06-09 02:05:41.446938,499.98,0.0001
5,2025-06-09 02:07:41.323205,-120.705,0.000867
5,2025-06-09 02:11:12.335572,503.685,0.0005
5,2025-06-09 02:11:12.506138,-315.9,0.000666
5,2025-06-09 02:11:13.086405,3271.32,3.3e-05
5,2025-06-09 02:11:13.257305,-924.3,0.0005
5,2025-06-09 03:37:47.207444,-35.685,0.000333
5,2025-06-09 03:38:06.561011,-49.53,0.000167
5,2025-06-09 03:38:14.377544,-55.77,0.000133
5,2025-06-09 03:38:50.285877,-28.86,0.000333
5,2025-06-09 03:38:55.269277,733.005,0.000133
5,2025-06-09 03:39:11.277811,638.43,3.4e-05
5,2025-06-09 03:42:20.581277,94.575,0.000166
5,2025-06-09 03:44:44.794611,-40.17,0.000167
5,2025-06-09 03:47:51.469811,56.55,0.0002
5,2025-06-09 03:50:48.621811,63.96,0.0001
5,2025-06-09 03:50:54.765811,93.795,0.0002
5,2025-06-09 03:53:25.054877,75.855,0.0002
6,2025-06-06 17:36:02.062464,53.04,0.0002
6,2025-06-08 22:54:40.630439,42.9,0.000266
6,2025-06-08 22:55:21.590473,436.215,0.000134
6,2025-06-08 22:55:36.848039,169.845,0.0002
6,2025-06-08 22:58:03.028502,427.44,0.000133
6,2025-06-08 23:11:33.260692,171.6,0.0002
6,2025-06-08 23:12:41.868692,312.585,0.000167
6,2025-06-08 23:13:04.669758,432.705,0.000133
6,2025-06-08 23:14:35.600958,45.24,0.000266
6,2025-06-08 23:19:06.543349,436.215,0.000133
6,2025-06-08 23:19:07.464949,421.98,0.000133
6,2025-06-08 23:22:51.447849,43.485,0.000267
6,2025-06-08 23:22:52.369449,83.655,0.000233
6,2025-06-08 23:23:32.783316,28.665,0.000367
6,2025-06-08 23:24:31.936416,429.0,0.000134
6,2025-06-09 01:59:35.404114,420.42,0.000134
6,2025-06-09 02:03:05.283611,2721.61,3.3e-05
6,2025-06-09 02:03:05.454278,-184.47,0.000434
6,2025-06-09 02:05:40.525438,-218.985,0.0004
6,2025-06-09 02:05:40.696005,-61.62,0.0007
6,2025-06-09 02:05:41.446938,-1565.85,0.0002
6,2025-06-09 02:05:41.788272,-36.66,0.000967
6,2025-06-09 02:07:40.981972,-1745.83,0.000167
6,2025-06-09 02:11:12.335472,-1124.56,0.000234
6,2025-06-09 02:11:12.506138,-40.56,0.000733
6,2025-06-09 02:11:13.086472,-1573.84,0.000167
6,2025-06-09 02:11:13.257105,-202.41,0.0004
6,2025-06-09 03:37:47.207711,-29.055,0.000567
6,2025-06-09 03:38:06.561111,137.475,0.000367
6,2025-06-09 03:38:14.377544,258.18,0.000233
6,2025-06-09 03:38:14.548311,-28.275,0.0007
6,2025-06-09 03:38:15.299177,2173.27,0.000133
6,2025-06-09 03:38:35.949911,-43.68,0.0004
6,2025-06-09 03:38:50.286044,-48.165,0.000467
6,2025-06-09 03:38:55.269277,2204.86,0.000133
6,2025-06-09 03:39:44.762677,-37.05,0.0004
6,2025-06-09 03:40:13.468744,-40.56,0.000567
6,2025-06-09 03:40:28.350877,111.93,0.000366
6,2025-06-09 03:40:48.762611,53.625,0.000234
6,2025-06-09 03:41:03.132777,-56.94,0.0004
6,2025-06-09 03:42:20.581277,117.39,0.000166
6,2025-06-09 03:42:35.019744,79.17,0.0001
6,2025-06-09 03:43:59.602077,-83.07,0.000166
6,2025-06-09 03:44:44.794711,134.355,0.000367
6,2025-06-09 03:45:29.475144,-35.88,0.0003
6,2025-06-09 03:45:58.249544,-30.225,0.000433
6,2025-06-09 03:47:51.469811,51.48,0.0002
6,2025-06-09 03:48:06.556844,2179.91,0.000133
6,2025-06-09 03:49:00.350944,-28.47,0.000333
6,2025-06-09 03:49:14.686877,-35.49,0.0002
6,2025-06-09 03:49:49.025011,-84.045,0.000167
6,2025-06-09 03:50:48.621811,1049.3,0.0002
6,2025-06-09 03:50:54.765844,-132.21,0.000133
6,2025-06-09 03:51:09.101844,-29.445,0.000367
6,2025-06-09 03:51:23.540211,-38.22,0.0002
6,2025-06-09 03:51:52.280477,-37.83,0.0002
6,2025-06-09 03:52:07.094377,2162.94,0.000133
6,2025-06-09 03:52:56.348777,-37.83,0.000333
6,2025-06-09 03:53:25.054877,59.865,0.0002
7,2025-06-06 17:36:02.062464,46.41,0.0002
7,2025-06-08 22:54:40.630739,51.48,0.000533
7,2025-06-08 22:54:40.801139,43.875,0.0006
7,2025-06-08 22:55:21.590439,390.975,0.000166
7,2025-06-08 22:55:21.761173,-27.105,0.000367
7,2025-06-08 22:55:36.097106,-112.515,0.000533
7,2025-06-08 22:55:36.848039,-181.35,0.000166
7,2025-06-08 22:58:03.028469,492.96,0.000134
7,2025-06-08 22:58:03.199069,-46.995,0.000667
7,2025-06-08 23:04:54.281967,-117.195,0.000333
7,2025-06-08 23:11:33.260692,-212.16,0.000267
7,2025-06-08 23:11:33.431358,-38.22,0.000566
7,2025-06-08 23:12:41.117758,68.055,0.000533
7,2025-06-08 23:12:41.868725,-171.21,0.000167
7,2025-06-08 23:12:42.039458,48.555,0.000466
7,2025-06-08 23:13:04.669825,-190.32,0.000267
7,2025-06-08 23:14:21.504025,32.565,0.000433
7,2025-06-08 23:14:21.674625,31.005,0.000733
7,2025-06-08 23:14:35.600958,-46.605,0.000233
7,2025-06-08 23:19:06.543316,366.795,0.000167
7,2025-06-08 23:19:07.464916,212.16,6.7e-05
7,2025-06-08 23:19:07.806249,40.365,0.000633
7,2025-06-08 23:22:50.867616,32.565,0.000834
7,2025-06-08 23:22:51.618516,31.005,0.000534
7,2025-06-08 23:22:52.369449,-86.385,0.0002
7,2025-06-08 23:22:52.540116,34.125,0.000734
7,2025-06-08 23:23:32.783549,61.035,0.000567
7,2025-06-08 23:23:33.704949,46.8,0.000467
7,2025-06-08 23:24:31.936382,316.875,6.6e-05
7,2025-06-08 23:24:32.107282,28.665,0.000566
7,2025-06-08 23:41:56.897811,60.45,0.0005
7,2025-06-09 01:59:35.404080,378.3,0.000166
7,2025-06-09 02:05:40.525405,62.595,0.000333
7,2025-06-09 02:05:41.446938,386.88,0.000166
7,2025-06-09 02:07:40.981872,-1244.1,3.4e-05
7,2025-06-09 02:11:12.335472,89.31,0.0002
7,2025-06-09 02:11:13.086405,-482.82,6.7e-05
7,2025-06-09 02:11:13.257072,66.3,0.000334
7,2025-06-09 03:37:17.818644,2161.57,0.000133
7,2025-06-09 03:37:47.207411,73.515,0.0004
7,2025-06-09 03:38:06.561077,167.31,0.000333
7,2025-06-09 03:38:07.482611,49.335,0.000467
7,2025-06-09 03:38:14.377544,344.37,0.000233
7,2025-06-09 03:38:15.299177,2007.33,0.000133
7,2025-06-09 03:38:15.469811,36.075,0.0005
7,2025-06-09 03:38:35.949811,-44.265,0.000334
7,2025-06-09 03:38:50.285811,93.015,0.000234
7,2025-06-09 03:38:55.269277,2113.41,0.000133
7,2025-06-09 03:38:55.439977,54.405,0.0005
7,2025-06-09 03:40:28.350877,166.53,0.000366
7,2025-06-09 03:40:48.762911,-31.395,0.0007
7,2025-06-09 03:41:03.132877,-40.56,0.0005
7,2025-06-09 03:42:20.581277,103.74,0.000166
7,2025-06-09 03:43:24.615411,-35.295,0.000767
7,2025-06-09 03:43:59.602077,-133.38,0.000133
7,2025-06-09 03:44:04.892744,44.655,0.0005
7,2025-06-09 03:44:25.406977,-31.005,0.0005
7,2025-06-09 03:44:44.794711,158.73,0.000367
7,2025-06-09 03:45:29.475444,-35.685,0.000567
7,2025-06-09 03:45:58.249711,-28.47,0.000567
7,2025-06-09 03:47:51.469811,46.8,0.0002
7,2025-06-09 03:48:06.556844,2005.77,0.000133
7,2025-06-09 03:49:00.350877,51.48,0.000233
7,2025-06-09 03:49:14.686877,-59.085,0.000166
7,2025-06-09 03:49:49.025011,-151.32,0.000134
7,2025-06-09 03:50:48.621811,1103.31,0.0002
7,2025-06-09 03:50:54.765811,603.33,6.7e-05
7,2025-06-09 03:51:23.540211,-62.4,0.000167
7,2025-06-09 03:51:52.280477,-48.75,0.000166
7,2025-06-09 03:52:07.094377,2001.68,0.000133
7,2025-06-09 03:52:07.265011,82.095,0.000434
7,2025-06-09 03:52:56.348877,-31.59,0.0004
7,2025-06-09 03:53:25.054877,65.715,0.0002
8,2025-06-05 13:58:20.441969,-37.44,0.0001
8,2025-06-05 14:06:23.936535,40.95,0.000266
8,2025-06-05 14:08:26.372913,33.735,0.000466
8,2025-06-05 14:15:07.964434,39.78,0.000333
8,2025-06-05 14:16:14.183134,26.52,0.0004
8,2025-06-05 14:42:26.231058,26.52,0.000367
8,2025-06-05 14:53:17.119524,27.885,0.000266
8,2025-06-05 14:55:19.043924,33.54,0.0003
8,2025-06-05 14:56:03.827124,28.08,0.0009
8,2025-06-05 14:58:49.851191,-25.935,3.3e-05
8,2025-06-05 15:11:39.455458,-25.155,3.4e-05
8,2025-06-05 15:12:11.267724,-54.015,3.3e-05
8,2025-06-05 15:12:50.623491,35.685,0.000367
8,2025-06-05 15:23:54.653324,-27.885,3.3e-05
8,2025-06-05 15:24:45.648524,34.515,0.000266
8,2025-06-05 15:38:45.396791,-28.275,3.3e-05
8,2025-06-05 15:42:03.735189,-31.98,0.000833
8,2025-06-05 15:58:32.099822,31.395,0.000266
8,2025-06-05 16:10:13.778756,33.15,0.0003
8,2025-06-05 16:10:20.195889,34.905,0.0003
8,2025-06-05 16:23:21.234922,-31.2,0.000533
8,2025-06-05 16:30:54.388889,-52.26,3.3e-05
8,2025-06-05 16:40:00.625089,-31.59,0.000667
8,2025-06-05 17:21:09.120904,-33.15,3.3e-05
8,2025-06-05 17:26:24.308137,-28.665,0.0008
8,2025-06-05 17:36:06.465992,27.885,0.0005
8,2025-06-05 17:36:16.705692,30.03,0.000267
8,2025-06-05 17:43:13.542025,28.275,0.000367
8,2025-06-05 18:09:16.754251,38.61,0.000333
8,2025-06-05 18:09:20.918484,-34.515,3.3e-05
8,2025-06-05 18:18:31.967318,31.59,0.0005
8,2025-06-05 18:27:01.791713,42.315,0.000267
8,2025-06-05 18:55:01.049213,-28.08,3.4e-05
8,2025-06-05 19:04:34.523346,-46.995,3.3e-05
8,2025-06-05 19:13:49.224146,-28.47,3.3e-05
8,2025-06-05 19:22:10.063013,32.76,0.000567
8,2025-06-05 19:30:45.987946,40.755,0.000467
8,2025-06-05 19:31:18.243879,-28.08,3.3e-05
8,2025-06-05 19:38:03.543213,32.955,0.000467
8,2025-06-05 19:54:55.323346,-27.105,3.3e-05
8,2025-06-05 19:57:25.544146,-43.485,3.3e-05
8,2025-06-05 19:57:28.957479,-43.68,3.3e-05
8,2025-06-05 20:20:42.519079,-47.97,3.3e-05
8,2025-06-05 20:23:29.328679,-55.185,3.3e-05
8,2025-06-05 20:56:02.711279,37.83,0.000266
8,2025-06-05 21:22:49.128846,-28.86,0.0009
8,2025-06-05 21:22:54.248413,28.275,0.000667
8,2025-06-05 22:26:44.520846,-26.325,0.000833
8,2025-06-05 22:26:47.728679,51.285,0.000366
8,2025-06-05 22:26:47.865213,28.275,0.000334
8,2025-06-05 22:49:24.801913,32.955,0.0003
8,2025-06-05 22:49:37.772413,-32.955,3.4e-05
8,2025-06-05 22:49:39.342713,29.835,0.000234
8,2025-06-05 23:01:20.748646,39.39,0.000533
8,2025-06-05 23:04:10.118546,32.175,0.000833
8,2025-06-05 23:06:05.285679,31.005,0.000466
8,2025-06-05 23:09:50.086213,-27.3,0.0003
8,2025-06-05 23:15:18.824213,-32.955,0.000267
8,2025-06-05 23:22:34.160879,-26.91,0.000266
8,2025-06-05 23:27:26.000746,36.855,0.0002
8,2025-06-05 23:27:26.034846,-36.66,0.000333
8,2025-06-06 00:11:58.992086,26.91,0.000433
8,2025-06-06 00:20:23.038886,30.03,0.0003
8,2025-06-06 00:20:26.417919,44.655,0.0005
8,2025-06-06 00:20:35.224253,-31.395,3.4e-05
8,2025-06-06 00:28:06.668383,-29.25,0.0006
8,2025-06-06 00:30:28.074526,-29.055,0.000534
8,2025-06-06 00:36:54.831052,-29.055,3.3e-05
8,2025-06-06 00:39:33.370274,33.735,0.000233
8,2025-06-06 00:47:02.055156,29.25,0.000234
8,2025-06-06 00:51:21.975176,27.3,0.0004
8,2025-06-06 00:53:55.233743,29.445,0.0002
8,2025-06-06 01:01:51.700876,28.275,0.000533
8,2025-06-06 01:06:37.533343,-25.935,3.3e-05
8,2025-06-06 01:16:42.236931,-28.86,0.000633
8,2025-06-06 01:22:06.673931,27.3,0.0003
8,2025-06-06 01:27:21.656298,-37.44,3.4e-05
8,2025-06-06 01:51:53.038758,25.935,0.000767
8,2025-06-06 01:54:28.857758,42.315,0.0006
8,2025-06-06 01:54:28.959958,28.275,0.0003
8,2025-06-06 01:56:02.554624,-55.38,0.0003
8,2025-06-06 02:02:07.268058,-31.395,3.4e-05
8,2025-06-06 02:09:06.927629,-60.84,6.6e-05
8,2025-06-06 02:10:38.688926,30.225,0.000266
8,2025-06-06 02:13:22.460493,26.13,0.0003
8,2025-06-06 02:13:22.938360,-28.47,6.7e-05
8,2025-06-06 02:23:00.168697,-29.835,3.3e-05
8,2025-06-06 02:23:07.132031,25.155,0.0002
8,2025-06-06 02:23:23.140431,26.91,0.000467
8,2025-06-06 02:28:11.840897,-25.545,0.0008
8,2025-06-06 02:29:39.562897,27.105,0.000333
8,2025-06-06 02:48:24.533687,30.03,0.000767
8,2025-06-06 02:55:29.049754,38.61,0.000334
8,2025-06-06 02:55:51.748520,-39.39,0.0008
8,2025-06-06 02:56:04.753154,33.735,0.000467
8,2025-06-06 02:59:48.224054,27.885,3.4e-05
8,2025-06-06 03:13:01.755954,-26.52,0.000467
8,2025-06-06 03:22:40.964587,46.41,6.7e-05
8,2025-06-06 03:32:47.957387,-33.345,6.7e-05
8,2025-06-06 03:32:51.951187,-29.055,0.000567
8,2025-06-06 03:32:56.081154,28.86,0.0003
8,2025-06-06 03:46:35.929654,-30.615,3.4e-05
8,2025-06-06 03:57:35.488820,-32.37,0.000833
8,2025-06-06 03:59:09.934987,26.13,0.0004
8,2025-06-06 04:08:55.287854,33.345,0.0004
8,2025-06-06 04:08:58.837420,27.105,0.000366
8,2025-06-06 04:10:57.143520,-27.3,3.3e-05
8,2025-06-06 04:21:42.604854,-26.91,3.4e-05
8,2025-06-06 04:27:03.014454,30.225,0.000334
8,2025-06-06 04:37:07.447620,28.47,0.000233
8,2025-06-06 04:50:55.112720,31.2,0.0002
8,2025-06-06 04:57:41.128887,27.105,0.000933
8,2025-06-06 05:01:05.518987,-25.35,3.3e-05
8,2025-06-06 05:20:09.395454,33.345,0.000267
8,2025-06-06 05:23:29.075954,-33.15,0.000867
8,2025-06-06 05:23:33.546820,33.15,0.000833
8,2025-06-06 05:35:07.750754,27.69,0.000467
8,2025-06-06 05:40:15.394187,-63.96,3.3e-05
8,2025-06-06 05:58:52.714854,26.13,0.000367
8,2025-06-06 05:58:52.748854,30.03,0.0003
8,2025-06-06 06:18:17.514720,-27.495,3.3e-05
8,2025-06-06 06:20:34.150854,25.74,0.0007
8,2025-06-06 06:25:24.488620,31.005,0.0005
8,2025-06-06 06:28:23.620887,25.935,0.0007
8,2025-06-06 06:38:37.371887,43.68,0.000267
8,2025-06-06 06:40:08.302987,-26.715,3.3e-05
8,2025-06-06 06:49:15.255787,-28.665,0.0009
8,2025-06-06 06:53:51.598987,28.275,3.3e-05
8,2025-06-06 06:54:02.009654,-31.005,3.4e-05
8,2025-06-06 07:00:40.414354,-28.47,0.0008
8,2025-06-06 07:12:52.164454,41.34,0.000434
8,2025-06-06 07:30:20.296720,-25.545,0.000966
8,2025-06-06 07:35:37.702454,-28.275,3.4e-05
8,2025-06-06 07:38:56.290287,39.78,0.0004
8,2025-06-06 07:47:11.701387,-32.175,3.3e-05
8,2025-06-06 07:50:11.004120,48.165,0.0004
8,2025-06-06 07:50:11.140320,-26.13,3.3e-05
8,2025-06-06 08:08:20.437387,-33.15,6.7e-05
8,2025-06-06 08:18:13.094887,32.565,0.000667
8,2025-06-06 08:36:32.631987,36.075,0.000633
8,2025-06-06 08:36:36.727654,27.3,0.0002
8,2025-06-06 08:42:52.297187,41.145,0.000267
8,2025-06-06 08:42:52.842720,-27.105,3.3e-05
8,2025-06-06 08:58:20.313720,27.885,0.0003
8,2025-06-06 09:11:28.828454,-27.885,0.000834
8,2025-06-06 09:16:39.065820,39.39,0.000433
8,2025-06-06 09:17:33.576720,-26.91,0.000266
8,2025-06-06 09:23:49.350454,34.905,3.4e-05
8,2025-06-06 09:24:22.323254,37.05,6.7e-05
8,2025-06-06 09:43:10.122720,-36.66,3.3e-05
8,2025-06-06 09:53:23.225654,32.955,0.0003
8,2025-06-06 10:09:26.572087,34.125,0.000867
8,2025-06-06 10:09:26.674120,-31.59,0.000633
8,2025-06-06 10:09:29.403787,-30.42,3.3e-05
8,2025-06-06 10:31:00.565487,-27.105,0.000367
8,2025-06-06 10:43:58.293420,-25.155,6.6e-05
8,2025-06-06 11:21:35.223820,-25.935,0.0004
8,2025-06-06 11:37:54.986820,35.88,0.000566
8,2025-06-06 11:45:42.647520,-44.655,6.6e-05
8,2025-06-06 12:09:55.123887,-32.76,0.0008
8,2025-06-06 12:10:15.978820,36.465,0.0004
8,2025-06-06 12:29:48.834187,27.3,0.000167
8,2025-06-06 12:29:57.641154,26.91,0.000934
8,2025-06-06 12:39:36.235087,-30.81,0.000967
8,2025-06-06 12:40:28.322220,31.2,0.000466
8,2025-06-06 12:40:28.459187,-36.27,0.0009
8,2025-06-06 12:46:55.803887,27.69,0.000433
8,2025-06-06 13:13:58.741387,-27.69,0.000133
8,2025-06-06 13:14:06.387320,26.52,0.0004
8,2025-06-06 14:10:42.143887,-43.29,0.000833
8,2025-06-06 14:10:42.278554,26.13,0.000434
8,2025-06-06 14:14:43.259887,31.2,0.0003
8,2025-06-06 14:16:51.532854,30.42,0.000334
8,2025-06-06 14:52:33.706987,-28.665,0.000867
8,2025-06-06 15:11:04.029920,-27.885,3.3e-05
8,2025-06-06 15:25:58.050187,-29.835,3.3e-05
8,2025-06-06 15:32:46.865120,-35.88,3.3e-05
8,2025-06-06 15:32:47.206587,27.69,0.000267
8,2025-06-06 15:38:16.388420,28.86,0.000266
8,2025-06-06 15:48:00.819254,26.715,0.0001
8,2025-06-06 15:49:22.022454,-47.775,3.4e-05
8,2025-06-06 16:12:18.073720,-25.74,0.000566
8,2025-06-06 16:24:16.922054,27.69,0.000834
8,2025-06-06 16:24:17.024154,26.52,0.0009
8,2025-06-06 16:43:36.055720,-28.08,0.000933
8,2025-06-06 16:50:51.801687,39.39,0.000333
8,2025-06-06 17:36:02.062464,55.77,6.6e-05
8,2025-06-06 17:37:09.715098,-25.935,0.000667
8,2025-06-06 18:10:50.786732,26.13,0.0002
8,2025-06-06 18:11:19.492898,37.635,0.0002
8,2025-06-06 18:17:07.174998,30.81,0.000433
8,2025-06-06 18:22:46.801532,26.52,0.000267
8,2025-06-06 18:36:27.981265,32.175,3.3e-05
8,2025-06-06 18:36:42.080365,-44.46,0.000933
8,2025-06-06 18:54:02.088932,-30.225,0.000567
8,2025-06-06 18:54:02.121332,34.32,0.000467
8,2025-06-06 19:21:55.746632,27.3,0.0009
8,2025-06-06 19:23:57.227132,28.08,0.000434
8,2025-06-06 19:24:14.738498,-41.34,3.3e-05
8,2025-06-06 19:36:23.859665,26.91,0.000333
8,2025-06-06 19:36:52.975932,-28.86,0.0009
8,2025-06-06 19:39:35.552498,25.155,0.000233
8,2025-06-06 20:05:52.717365,30.81,0.000433
8,2025-06-06 20:21:55.083111,-35.49,0.000733
8,2025-06-06 20:48:48.947631,-33.93,6.7e-05
8,2025-06-06 21:02:42.814636,36.075,3.3e-05
8,2025-06-06 21:34:05.154224,27.105,0.0002
8,2025-06-06 21:34:05.256857,-54.015,6.7e-05
8,2025-06-06 21:34:30.481124,25.155,0.000167
8,2025-06-06 21:48:21.839336,-46.215,0.000733
8,2025-06-06 21:48:38.667136,-27.495,0.000333
8,2025-06-06 21:48:44.845669,-27.495,0.000966
8,2025-06-06 22:18:06.478967,-37.44,3.3e-05
8,2025-06-06 23:01:05.866701,-26.52,3.4e-05
8,2025-06-06 23:02:28.367034,30.81,0.000533
8,2025-06-06 23:08:47.110534,-33.15,0.0006
8,2025-06-06 23:15:03.484431,-37.83,0.0009
8,2025-06-06 23:34:56.397257,26.325,0.0002
8,2025-06-06 23:48:52.917207,-29.055,0.000567
8,2025-06-06 23:48:53.668273,-31.98,0.0006
8,2025-06-06 23:48:55.170040,-33.15,0.000533
8,2025-06-06 23:48:55.921507,-29.445,0.0009
8,2025-06-06 23:48:56.672073,-26.52,0.0006
8,2025-06-06 23:49:04.215640,-25.35,0.0006
8,2025-06-06 23:49:06.195040,-29.055,0.000467
8,2025-06-06 23:49:06.946373,-33.735,0.000666
8,2025-06-06 23:49:15.549207,-2591.35,6.7e-05
8,2025-06-06 23:49:18.482973,299.715,0.0003
8,2025-06-06 23:49:23.705640,-25.74,0.0009
8,2025-06-06 23:49:25.446173,81.9,0.000633
8,2025-06-06 23:49:27.630740,29.445,0.000167
8,2025-06-06 23:52:46.767051,-31.005,3.3e-05
8,2025-06-07 00:32:02.767370,-27.105,0.0009
8,2025-06-07 00:32:11.129570,-25.74,0.000867
8,2025-06-07 00:35:02.479037,31.785,0.0002
8,2025-06-07 00:37:10.717837,-25.935,3.4e-05
8,2025-06-07 00:47:27.438903,-26.13,3.3e-05
8,2025-06-07 00:54:13.284370,25.545,0.000333
8,2025-06-07 01:01:28.571411,37.05,0.0004
8,2025-06-07 01:08:58.441148,25.155,0.000867
8,2025-06-07 01:14:54.417548,-25.545,3.3e-05
8,2025-06-07 01:19:15.668981,-29.055,3.3e-05
8,2025-06-07 01:23:51.875981,-30.225,0.0009
8,2025-06-07 01:33:24.387657,-28.86,0.000967
8,2025-06-07 01:42:27.740160,-29.25,0.0003
8,2025-06-07 02:00:44.171593,-29.835,0.000933
8,2025-06-07 02:11:13.760360,28.665,0.0008
8,2025-06-07 02:30:41.359293,28.86,6.6e-05
8,2025-06-07 02:30:41.529960,26.52,0.000167
8,2025-06-07 02:30:41.564693,31.005,0.0009
8,2025-06-07 02:43:12.463293,27.885,6.6e-05
8,2025-06-07 03:27:06.534927,29.835,0.000567
8,2025-06-07 03:35:48.772627,-26.52,6.7e-05
8,2025-06-07 04:03:01.916093,27.885,0.000166
8,2025-06-07 04:30:40.693893,31.2,0.000466
8,2025-06-07 04:36:49.265793,-26.52,0.000933
8,2025-06-07 04:46:27.108627,-26.715,0.0003
8,2025-06-07 05:31:35.827560,25.35,3.3e-05
8,2025-06-07 05:31:35.896993,-35.1,0.0002
8,2025-06-07 05:57:38.929760,-29.25,0.000533
8,2025-06-07 05:57:39.134560,26.715,0.000767
8,2025-06-07 06:02:14.556293,-35.1,0.0004
8,2025-06-07 07:47:32.636093,-26.13,3.3e-05
8,2025-06-07 07:55:06.984993,37.44,0.000466
8,2025-06-07 07:58:40.898627,31.785,0.000234
8,2025-06-07 08:02:30.923093,-37.44,0.000266
8,2025-06-07 08:03:42.159427,33.54,0.000334
8,2025-06-07 08:28:54.266360,25.35,0.000567
8,2025-06-07 09:08:13.869393,-28.665,0.000433
8,2025-06-07 09:18:54.347760,25.935,0.000933
8,2025-06-07 09:18:54.381193,-25.545,0.000433
8,2025-06-07 10:33:33.493960,36.27,0.0005
8,2025-06-07 12:09:57.566732,27.885,0.000567
8,2025-06-07 12:43:21.388551,28.275,0.000833
8,2025-06-07 12:52:38.888985,-50.895,3.4e-05
8,2025-06-07 12:52:38.991418,-34.905,0.000567
8,2025-06-07 13:01:42.222285,26.52,0.0004
8,2025-06-07 13:15:54.634151,35.295,0.0003
8,2025-06-07 14:59:30.075085,-28.86,6.7e-05
8,2025-06-07 15:06:51.795085,-29.055,0.000767
8,2025-06-07 15:21:14.241485,-37.05,6.7e-05
8,2025-06-07 15:22:57.494818,-27.3,3.3e-05
8,2025-06-07 15:41:01.774385,33.345,0.000234
8,2025-06-07 16:18:05.390285,28.275,0.000234
8,2025-06-07 16:50:27.741259,-31.59,3.3e-05
8,2025-06-07 17:41:18.032526,25.74,0.000233
8,2025-06-07 18:02:32.332193,-35.1,6.7e-05
8,2025-06-07 19:18:12.102416,44.655,0.000366
8,2025-06-07 19:27:10.419216,63.18,0.000433
8,2025-06-07 20:22:48.601012,-62.79,3.3e-05
8,2025-06-07 20:28:51.916212,31.005,0.000367
8,2025-06-07 20:56:53.324279,28.86,0.000334
8,2025-06-07 22:06:49.901798,-47.58,3.4e-05
8,2025-06-08 07:39:17.487865,-45.825,3.4e-05
8,2025-06-08 07:39:18.955598,26.13,0.000267
8,2025-06-08 08:06:34.078798,-31.59,3.3e-05
8,2025-06-08 08:21:11.612665,26.325,0.000334
8,2025-06-08 08:23:21.421965,25.155,0.0004
8,2025-06-08 08:30:23.616998,26.13,0.000267
8,2025-06-08 09:10:04.075598,-36.27,6.7e-05
8,2025-06-08 09:22:26.646265,-44.46,3.4e-05
8,2025-06-08 09:34:23.958298,29.64,0.0002
8,2025-06-08 09:39:51.809098,27.69,0.000333
8,2025-06-08 10:19:14.552398,-26.715,3.3e-05
8,2025-06-08 10:27:26.174798,-27.885,3.3e-05
8,2025-06-08 10:31:01.453731,-46.215,3.3e-05
8,2025-06-08 10:53:51.531598,-34.71,6.7e-05
8,2025-06-08 11:02:23.156131,-41.535,3.3e-05
8,2025-06-08 11:04:13.304465,26.13,0.000434
8,2025-06-08 11:16:21.027065,-28.47,6.7e-05
8,2025-06-08 11:21:41.812198,25.155,0.0004
8,2025-06-08 11:48:45.534798,-32.175,6.7e-05
8,2025-06-08 12:14:25.630798,-25.35,3.3e-05
8,2025-06-08 12:37:31.478265,-31.005,3.4e-05
8,2025-06-08 13:41:01.713998,-25.35,6.7e-05
8,2025-06-08 13:55:29.144398,-28.86,3.3e-05
8,2025-06-08 14:03:10.695331,-25.545,3.3e-05
8,2025-06-08 14:10:17.635065,-32.37,3.4e-05
8,2025-06-08 14:42:42.893731,-28.665,3.3e-05
8,2025-06-08 14:46:51.657465,-27.69,3.4e-05
8,2025-06-08 15:01:11.612665,-30.225,3.4e-05
8,2025-06-08 15:01:39.397198,-29.64,3.3e-05
8,2025-06-08 15:22:43.934798,-37.635,3.3e-05
8,2025-06-08 15:23:32.677198,-26.715,6.7e-05
8,2025-06-08 15:55:04.892665,-32.175,6.7e-05
8,2025-06-08 16:08:34.228131,-27.3,3.3e-05
8,2025-06-08 16:17:29.950798,-28.665,3.3e-05
8,2025-06-08 16:30:49.660665,-28.665,3.4e-05
8,2025-06-08 16:39:10.294265,-25.74,3.4e-05
8,2025-06-08 19:17:30.406298,-30.225,3.4e-05
8,2025-06-08 22:54:39.879506,189.93,0.000567
8,2025-06-08 22:54:40.050173,-74.88,0.0009
8,2025-06-08 22:54:40.630473,-1171.56,0.0003
8,2025-06-08 22:54:40.801106,96.72,0.0006
8,2025-06-08 22:55:21.590539,1387.04,0.0002
8,2025-06-08 22:55:21.761206,936.78,0.000433
8,2025-06-08 22:55:21.931773,-91.455,0.000767
8,2025-06-08 22:55:36.097106,464.49,0.0005
8,2025-06-08 22:55:36.848039,1351.55,0.0002
8,2025-06-08 22:58:03.028402,-1621.04,3.3e-05
8,2025-06-08 22:58:03.199069,105.69,0.0006
8,2025-06-08 22:58:03.369735,-70.395,0.000933
8,2025-06-08 23:04:53.531034,-162.825,0.000734
8,2025-06-08 23:04:54.282100,956.475,0.000433
8,2025-06-08 23:04:54.452634,-283.725,0.000634
8,2025-06-08 23:11:33.260692,1411.02,0.0002
8,2025-06-08 23:11:33.431358,503.88,0.0005
8,2025-06-08 23:11:33.602025,-82.68,0.0009
8,2025-06-08 23:12:41.117758,143.13,0.000566
8,2025-06-08 23:12:41.288425,-65.13,0.000933
8,2025-06-08 23:12:41.868725,1349.98,0.0002
8,2025-06-08 23:12:42.039392,913.965,0.000434
8,2025-06-08 23:13:04.669825,1387.23,0.0002
8,2025-06-08 23:13:04.840425,739.05,0.000467
8,2025-06-08 23:14:21.503992,914.16,0.000434
8,2025-06-08 23:14:21.674658,-103.74,0.0008
8,2025-06-08 23:14:35.600992,-1196.91,0.0003
8,2025-06-08 23:14:35.942292,-49.92,0.000967
8,2025-06-08 23:19:06.543416,1392.69,0.0002
8,2025-06-08 23:19:06.714049,925.275,0.000433
8,2025-06-08 23:19:07.465016,1314.49,0.0002
8,2025-06-08 23:19:07.806349,-101.79,0.000767
8,2025-06-08 23:19:40.130516,725.985,0.000467
8,2025-06-08 23:19:40.301182,-83.07,0.000866
8,2025-06-08 23:22:50.867582,-71.76,0.000833
8,2025-06-08 23:22:51.447882,-1172.54,0.0003
8,2025-06-08 23:22:51.618516,195.975,0.000567
8,2025-06-08 23:22:52.369516,-1258.72,0.0003
8,2025-06-08 23:22:52.540149,-96.915,0.0008
8,2025-06-08 23:23:32.783382,891.93,0.000433
8,2025-06-08 23:23:32.953982,-89.115,0.000833
8,2025-06-08 23:23:33.704916,727.74,0.000467
8,2025-06-08 23:24:31.936482,1374.94,0.0002
8,2025-06-08 23:24:32.107116,910.26,0.000434
8,2025-06-08 23:41:56.146811,-101.79,0.000767
8,2025-06-08 23:41:56.897711,925.86,0.000434
8,2025-06-08 23:41:57.068344,-93.21,0.0008
8,2025-06-08 23:43:49.059844,-88.335,0.0009
8,2025-06-09 00:21:28.940737,-88.14,0.0009
8,2025-06-09 01:59:35.404014,-1630.4,3.4e-05
8,2025-06-09 01:59:35.745347,-86.775,0.0008
8,2025-06-09 02:00:08.035680,-95.55,0.000833
8,2025-06-09 02:03:05.283644,-1129.64,0.0003
8,2025-06-09 02:03:05.454511,-45.435,0.0009
8,2025-06-09 02:05:40.354672,1334.39,0.000167
8,2025-06-09 02:05:40.525338,177.645,0.000533
8,2025-06-09 02:05:40.696005,-37.05,0.000933
8,2025-06-09 02:05:41.276272,1306.5,0.000167
8,2025-06-09 02:05:41.446938,814.125,0.000433
8,2025-06-09 02:07:40.981872,-1092.19,0.0003
8,2025-06-09 02:11:12.335472,537.615,0.000467
8,2025-06-09 02:11:13.086472,821.73,0.0004
8,2025-06-09 02:11:13.257072,85.02,0.0006
8,2025-06-09 03:37:17.818611,612.885,0.000134
8,2025-06-09 03:38:06.561011,56.745,0.000267
8,2025-06-09 03:38:14.377544,92.82,0.000233
8,2025-06-09 03:38:15.299177,665.73,0.000133
8,2025-06-09 03:38:55.269277,585.39,0.000166
8,2025-06-09 03:39:11.277811,525.135,0.000167
8,2025-06-09 03:40:08.690144,573.495,0.000133
8,2025-06-09 03:42:20.581277,152.49,0.000166
8,2025-06-09 03:42:35.019677,60.45,3.3e-05
8,2025-06-09 03:42:40.583477,243.945,0.000133
8,2025-06-09 03:43:59.602111,28.275,0.000334
8,2025-06-09 03:44:44.794611,56.16,0.000267
8,2025-06-09 03:45:00.666711,535.86,0.000134
8,2025-06-09 03:47:51.469811,70.2,0.0002
8,2025-06-09 03:48:06.556844,661.44,0.000133
8,2025-06-09 03:50:48.621811,198.12,0.0002
8,2025-06-09 03:50:54.765811,103.74,0.000234
8,2025-06-09 03:51:47.433577,539.76,0.000133
8,2025-06-09 03:52:07.094377,665.34,0.000133
8,2025-06-09 03:53:25.054877,99.645,0.0002
9,2025-06-05 14:04:07.542177,29.835,3.3e-05
9,2025-06-05 14:07:34.158362,-43.875,6.6e-05
9,2025-06-05 14:09:06.718213,-35.49,6.6e-05
9,2025-06-05 14:15:43.121767,39.195,0.000466
9,2025-06-05 14:28:47.816524,-38.61,0.000566
9,2025-06-05 14:29:06.591424,52.65,0.000366
9,2025-06-05 14:29:08.364258,33.54,0.000667
9,2025-06-05 14:29:12.836191,34.71,0.0008
9,2025-06-05 14:29:25.124158,-36.855,0.000667
9,2025-06-05 14:29:32.223491,-34.125,6.7e-05
9,2025-06-05 14:29:38.538291,30.225,0.000933
9,2025-06-05 14:29:38.674658,35.685,0.000267
9,2025-06-05 14:41:52.302391,32.955,0.000233
9,2025-06-05 14:42:06.263091,35.88,0.000867
9,2025-06-05 14:42:32.511858,-35.1,0.000667
9,2025-06-05 14:55:22.593624,35.88,0.0002
9,2025-06-05 14:55:46.759991,-34.125,3.3e-05
9,2025-06-05 15:12:22.804858,37.635,0.0007
9,2025-06-05 15:24:14.724691,45.63,0.000967
9,2025-06-05 15:24:27.695024,-38.805,0.000933
9,2025-06-05 15:24:53.704324,34.515,0.000533
9,2025-06-05 15:41:35.711589,42.315,0.000467
9,2025-06-05 15:41:40.183489,-36.27,0.0007
9,2025-06-05 15:41:50.593689,31.395,3.3e-05
9,2025-06-05 15:42:00.629022,32.955,0.000433
9,2025-06-05 15:42:09.503656,-31.785,0.000967
9,2025-06-05 15:47:55.342589,44.07,3.3e-05
9,2025-06-05 15:48:05.958122,-37.05,0.000966
9,2025-06-05 15:48:12.716489,-31.785,0.0006
9,2025-06-05 15:49:52.488422,-56.55,0.000333
9,2025-06-05 15:50:06.380356,-33.735,0.000567
9,2025-06-05 15:52:44.827756,49.335,3.4e-05
9,2025-06-05 15:54:45.625522,38.22,0.000533
9,2025-06-05 15:58:10.595956,36.075,0.0003
9,2025-06-05 16:05:13.951589,33.735,0.000233
9,2025-06-05 16:05:14.020556,-25.935,0.0008
9,2025-06-05 16:07:41.202789,-38.025,0.0002
9,2025-06-05 16:07:43.558756,27.3,0.000867
9,2025-06-05 16:10:11.423722,37.245,0.000766
9,2025-06-05 16:14:03.905689,34.71,3.3e-05
9,2025-06-05 16:16:37.915356,-27.495,0.0008
9,2025-06-05 16:16:46.858422,33.345,0.000833
9,2025-06-05 16:20:19.235956,-32.175,0.000667
9,2025-06-05 16:20:26.369822,-33.345,0.0006
9,2025-06-05 16:27:44.266722,30.615,0.000866
9,2025-06-05 16:30:50.531822,44.85,6.6e-05
9,2025-06-05 16:48:44.299589,34.905,0.000533
9,2025-06-05 16:52:05.788122,-41.73,0.000966
9,2025-06-05 16:55:11.165656,-32.955,0.0005
9,2025-06-05 17:10:45.394956,-38.415,0.000267
9,2025-06-05 17:21:11.373837,28.08,0.000466
9,2025-06-05 17:36:18.105258,39.39,0.000266
9,2025-06-05 17:43:07.944825,-33.93,0.000867
9,2025-06-05 17:52:27.769922,36.075,0.000367
9,2025-06-05 17:52:30.943655,26.13,0.000267
9,2025-06-05 18:05:39.837118,42.705,0.000267
9,2025-06-05 18:09:24.161318,-31.395,0.0002
9,2025-06-05 18:18:31.967018,33.15,0.0001
9,2025-06-05 18:28:22.551646,-36.855,0.0009
9,2025-06-05 18:29:13.239513,-28.47,0.000667
9,2025-06-05 18:29:13.341913,-35.685,0.000667
9,2025-06-05 18:33:42.756513,-50.115,0.000934
9,2025-06-05 19:30:45.987879,-42.9,3.3e-05
9,2025-06-05 19:57:15.611713,44.07,0.000834
9,2025-06-05 20:55:59.741679,-70.395,0.000966
9,2025-06-05 23:09:45.991213,-52.26,3.4e-05
9,2025-06-05 23:09:46.092413,41.145,6.7e-05
9,2025-06-05 23:14:57.559079,-64.74,3.3e-05
9,2025-06-05 23:15:00.872046,-48.36,0.000967
9,2025-06-05 23:56:32.227879,41.535,3.3e-05
9,2025-06-06 00:00:06.926546,-37.245,6.7e-05
9,2025-06-06 00:11:40.354919,33.15,0.000633
9,2025-06-06 00:14:30.236619,-34.905,0.000666
9,2025-06-06 00:20:37.887086,-31.2,0.000667
9,2025-06-06 00:24:42.243950,29.25,0.000534
9,2025-06-06 00:36:47.014619,26.715,0.0007
9,2025-06-06 00:36:47.118219,-28.275,0.0007
9,2025-06-06 00:36:53.499885,28.86,0.0003
9,2025-06-06 00:46:54.955389,-31.98,0.000667
9,2025-06-06 00:47:07.072822,-29.055,0.0004
9,2025-06-06 00:50:23.026676,-26.715,6.6e-05
9,2025-06-06 00:50:36.032610,-48.36,0.000167
9,2025-06-06 00:51:21.838410,33.54,6.7e-05
9,2025-06-06 01:01:38.833410,-48.555,3.4e-05
9,2025-06-06 01:01:39.071676,30.225,0.000966
9,2025-06-06 01:01:42.314843,-25.74,0.000767
9,2025-06-06 01:01:42.521243,30.42,0.000867
9,2025-06-06 01:01:49.380076,26.13,0.000433
9,2025-06-06 01:01:51.462210,-28.08,0.000667
9,2025-06-06 01:01:56.240976,-26.52,0.000466
9,2025-06-06 01:06:22.548910,52.65,0.000767
9,2025-06-06 01:06:27.669376,-30.225,0.000766
9,2025-06-06 01:11:23.844743,-35.88,0.0006
9,2025-06-06 01:11:23.912010,27.69,0.0007
9,2025-06-06 01:11:43.788172,-42.12,0.000967
9,2025-06-06 01:11:47.883572,-26.13,0.0007
9,2025-06-06 01:12:03.311340,-30.42,0.000734
9,2025-06-06 01:14:56.867964,-29.835,0.0008
9,2025-06-06 01:15:10.452231,-31.59,0.000367
9,2025-06-06 01:15:10.657298,-30.225,0.000834
9,2025-06-06 01:20:53.935764,-29.055,0.0003
9,2025-06-06 01:22:37.667064,-30.42,0.000366
9,2025-06-06 01:23:13.438798,-31.59,0.000767
9,2025-06-06 01:25:32.702764,28.47,0.000466
9,2025-06-06 01:25:42.874464,32.955,0.000966
9,2025-06-06 01:27:30.872498,28.275,0.000267
9,2025-06-06 01:33:09.403524,28.08,3.3e-05
9,2025-06-06 01:33:12.338991,-36.075,3.3e-05
9,2025-06-06 01:35:01.703291,-35.685,0.000867
9,2025-06-06 01:35:01.770724,-25.935,0.000766
9,2025-06-06 01:37:09.055824,33.15,0.0007
9,2025-06-06 01:39:06.062724,26.325,0.0009
9,2025-06-06 01:39:16.063791,-29.25,3.3e-05
9,2025-06-06 01:39:16.200958,-26.325,0.000767
9,2025-06-06 01:44:16.847191,26.91,0.000667
9,2025-06-06 01:44:38.487391,-27.69,0.000867
9,2025-06-06 01:45:53.819924,25.74,0.000633
9,2025-06-06 01:47:52.125658,-35.49,3.4e-05
9,2025-06-06 01:50:21.185924,30.81,3.3e-05
9,2025-06-06 01:50:28.763658,-26.52,0.000234
9,2025-06-06 01:51:53.038724,-32.565,0.000733
9,2025-06-06 01:54:28.482158,30.03,0.000867
9,2025-06-06 01:55:52.791524,-29.64,0.000666
9,2025-06-06 01:56:20.780591,28.47,3.3e-05
9,2025-06-06 01:56:38.154658,-27.495,0.0009
9,2025-06-06 01:59:51.895324,-29.64,0.0009
9,2025-06-06 02:00:03.193524,-28.665,0.000233
9,2025-06-06 02:02:07.713858,-49.335,0.000934
9,2025-06-06 02:03:50.657991,27.495,0.000333
9,2025-06-06 02:04:02.946224,26.325,0.0004
9,2025-06-06 02:04:38.035058,26.52,0.000967
9,2025-06-06 02:09:16.211563,-30.03,0.000834
9,2025-06-06 02:09:24.266896,25.74,0.0006
9,2025-06-06 02:10:38.962326,-26.325,0.000833
9,2025-06-06 02:13:49.152760,-39.0,3.4e-05
9,2025-06-06 02:18:53.145764,-28.86,0.0006
9,2025-06-06 02:18:53.179897,-32.955,0.0009
9,2025-06-06 02:19:01.952631,27.3,0.000534
9,2025-06-06 02:19:02.020731,-27.105,0.000867
9,2025-06-06 02:20:29.949931,-54.99,0.000234
9,2025-06-06 02:23:00.236964,30.615,0.0003
9,2025-06-06 02:23:07.029497,37.635,6.6e-05
9,2025-06-06 02:24:51.750564,-29.445,3.3e-05
9,2025-06-06 02:25:37.216464,-26.13,0.0007
9,2025-06-06 02:26:02.407064,-26.91,0.000567
9,2025-06-06 02:33:39.886021,-34.32,0.000734
9,2025-06-06 02:33:55.348387,32.37,0.0008
9,2025-06-06 02:43:29.553220,43.68,3.3e-05
9,2025-06-06 02:48:24.431720,-29.055,3.3e-05
9,2025-06-06 02:58:22.140454,-39.39,0.0008
9,2025-06-06 02:59:19.313787,-28.86,0.0007
9,2025-06-06 02:59:48.258320,34.905,0.000866
9,2025-06-06 03:03:24.663520,-33.93,3.3e-05
9,2025-06-06 03:03:40.740420,-30.615,0.000233
9,2025-06-06 03:03:46.269920,-28.665,6.6e-05
9,2025-06-06 03:07:58.549587,-25.545,0.000767
9,2025-06-06 03:08:04.113120,-28.47,3.3e-05
9,2025-06-06 03:11:38.572987,-35.685,0.000767
9,2025-06-06 03:12:58.240554,-32.955,0.0008
9,2025-06-06 03:13:10.903554,34.71,0.000267
9,2025-06-06 03:19:47.123320,31.005,0.000366
9,2025-06-06 03:26:38.738654,31.98,0.000267
9,2025-06-06 03:32:31.402754,-28.08,0.000767
9,2025-06-06 03:38:25.467887,38.415,0.0003
9,2025-06-06 03:38:45.026354,-33.54,0.000867
9,2025-06-06 03:40:02.407020,-28.86,0.000766
9,2025-06-06 03:40:02.510387,36.075,0.000567
9,2025-06-06 03:40:02.577454,30.225,0.0008
9,2025-06-06 03:52:48.734120,30.225,0.000333
9,2025-06-06 03:52:58.155087,39.0,0.0005
9,2025-06-06 03:52:58.325420,-34.515,0.000766
9,2025-06-06 03:59:10.003387,29.835,0.000533
9,2025-06-06 04:05:33.628320,-41.925,0.000666
9,2025-06-06 04:05:38.611754,-38.22,0.000934
9,2025-06-06 04:05:38.679520,38.415,0.0003
9,2025-06-06 04:12:18.210554,-28.08,0.0005
9,2025-06-06 04:12:22.613720,-52.065,0.0001
9,2025-06-06 04:16:03.934320,28.47,0.0008
9,2025-06-06 04:18:33.984087,43.68,0.000867
9,2025-06-06 04:22:58.722554,-38.805,0.000567
9,2025-06-06 04:26:39.735787,-82.095,0.000333
9,2025-06-06 04:26:39.805487,-44.655,0.0002
9,2025-06-06 04:36:52.941254,34.32,0.000467
9,2025-06-06 04:37:03.659787,-31.005,0.000767
9,2025-06-06 04:37:03.726987,-34.515,3.3e-05
9,2025-06-06 04:37:03.864120,29.055,0.0009
9,2025-06-06 04:43:42.780887,43.29,0.000233
9,2025-06-06 04:47:17.785654,-35.295,6.7e-05
9,2025-06-06 04:47:23.110754,-29.055,0.000334
9,2025-06-06 04:54:18.069454,-32.76,0.000434
9,2025-06-06 04:54:18.274487,-35.685,0.0006
9,2025-06-06 04:57:27.714387,-34.125,0.000333
9,2025-06-06 04:58:25.605687,31.395,0.000133
9,2025-06-06 04:59:36.875187,-39.39,0.000767
9,2025-06-06 05:04:14.140354,-26.325,0.0008
9,2025-06-06 05:04:25.403787,30.615,3.3e-05
9,2025-06-06 05:13:36.418287,28.665,0.000267
9,2025-06-06 05:19:41.235354,32.955,0.000267
9,2025-06-06 05:19:48.915554,-33.15,0.000434
9,2025-06-06 05:23:28.972854,31.2,0.0003
9,2025-06-06 05:23:29.075354,41.34,0.000167
9,2025-06-06 05:23:37.199420,-30.225,0.000666
9,2025-06-06 05:34:57.783520,-35.49,3.3e-05
9,2025-06-06 05:34:57.817654,-25.935,3.4e-05
9,2025-06-06 05:39:06.582687,-35.1,0.000467
9,2025-06-06 05:40:15.872087,-26.52,0.000233
9,2025-06-06 05:44:45.697687,39.195,0.000733
9,2025-06-06 05:46:04.202787,-25.74,0.000467
9,2025-06-06 05:46:04.339620,-28.665,0.000933
9,2025-06-06 05:46:12.019354,-28.08,0.000134
9,2025-06-06 05:47:22.982854,-43.29,0.000267
9,2025-06-06 05:47:23.016987,-42.12,0.000467
9,2025-06-06 05:51:12.324320,-26.13,0.000533
9,2025-06-06 05:51:16.830087,29.25,0.0003
9,2025-06-06 05:51:17.103187,32.37,0.000333
9,2025-06-06 05:54:55.146754,35.685,0.000267
9,2025-06-06 05:54:59.516154,29.835,0.0006
9,2025-06-06 05:54:59.618587,-30.615,0.000767
9,2025-06-06 05:58:52.475787,-26.13,3.3e-05
9,2025-06-06 05:58:52.680687,44.46,0.0002
9,2025-06-06 06:04:42.752920,-41.73,0.000666
9,2025-06-06 06:18:22.498187,-35.88,0.000267
9,2025-06-06 06:18:42.807620,30.81,0.0005
9,2025-06-06 06:30:17.387120,-27.3,0.000566
9,2025-06-06 06:34:51.955587,-28.275,3.3e-05
9,2025-06-06 06:38:28.053487,33.735,0.0006
9,2025-06-06 06:38:32.866454,-25.935,0.0005
9,2025-06-06 06:49:15.359220,45.435,0.0009
9,2025-06-06 06:49:22.116854,29.055,0.000767
9,2025-06-06 06:53:56.105254,28.275,0.000734
9,2025-06-06 06:54:02.009687,38.22,0.000267
9,2025-06-06 06:55:21.233354,-28.47,0.000967
9,2025-06-06 07:05:39.149420,-37.83,0.000633
9,2025-06-06 07:12:26.939787,-25.935,3.3e-05
9,2025-06-06 07:12:32.264720,28.08,0.000233
9,2025-06-06 07:12:32.332920,-51.48,0.000433
9,2025-06-06 07:17:13.591720,-29.25,0.0004
9,2025-06-06 07:30:20.399720,35.49,0.000833
9,2025-06-06 07:30:43.234187,-48.165,3.3e-05
9,2025-06-06 07:41:21.049654,-40.56,3.4e-05
9,2025-06-06 07:50:11.142254,43.485,0.000334
9,2025-06-06 07:57:07.773087,-46.995,0.000633
9,2025-06-06 07:57:07.874187,-32.76,3.3e-05
9,2025-06-06 07:57:16.476220,-32.175,0.0009
9,2025-06-06 07:59:26.285387,31.59,0.000867
9,2025-06-06 08:00:21.512587,-25.74,3.3e-05
9,2025-06-06 08:00:21.617020,29.835,0.000766
9,2025-06-06 08:08:14.737487,56.94,0.000267
9,2025-06-06 08:36:28.945920,-56.55,0.000533
9,2025-06-06 08:36:32.836520,25.935,0.000766
9,2025-06-06 08:42:52.366687,-67.275,0.000767
9,2025-06-06 08:58:14.442820,25.74,0.0002
9,2025-06-06 08:58:20.382254,27.3,0.000367
9,2025-06-06 08:58:20.450220,44.655,0.000233
9,2025-06-06 08:58:23.726987,-30.42,6.7e-05
9,2025-06-06 08:58:41.579220,34.125,0.000566
9,2025-06-06 09:11:17.734454,-27.885,0.000834
9,2025-06-06 09:11:35.825154,-31.98,0.000534
9,2025-06-06 09:15:33.734554,37.635,0.000234
9,2025-06-06 09:32:27.495054,-26.91,0.000867
9,2025-06-06 09:32:30.907787,-37.05,6.7e-05
9,2025-06-06 09:32:39.543554,38.025,0.0003
9,2025-06-06 09:32:46.199754,37.245,0.000334
9,2025-06-06 09:35:23.486287,-29.64,0.000567
9,2025-06-06 09:43:16.164487,-30.03,0.000833
9,2025-06-06 09:45:19.351520,-37.05,3.3e-05
9,2025-06-06 09:46:01.335520,-39.39,0.0009
9,2025-06-06 09:46:01.608754,-40.755,0.000867
9,2025-06-06 09:47:12.878987,-47.58,0.000167
9,2025-06-06 10:03:19.672554,-36.66,0.000834
9,2025-06-06 10:16:28.151554,48.36,0.000134
9,2025-06-06 10:16:31.462587,35.295,0.0009
9,2025-06-06 10:16:36.377654,-36.075,3.4e-05
9,2025-06-06 10:35:42.575720,-32.37,0.000766
9,2025-06-06 11:15:25.082887,54.795,0.000967
9,2025-06-06 11:17:31.511687,29.445,0.000333
9,2025-06-06 11:17:31.682287,32.76,0.000167
9,2025-06-06 11:17:31.786287,-36.075,0.0009
9,2025-06-06 11:21:35.053154,-30.42,0.0005
9,2025-06-06 11:25:38.799120,26.715,0.000266
9,2025-06-06 11:30:38.626220,30.42,0.0003
9,2025-06-06 11:37:44.644687,34.32,0.0008
9,2025-06-06 11:45:26.843987,44.265,0.0006
9,2025-06-06 11:45:30.292587,-34.905,3.3e-05
9,2025-06-06 11:46:15.177854,-29.64,0.0009
9,2025-06-06 11:46:15.415587,-37.44,0.0004
9,2025-06-06 11:55:02.980487,29.835,0.0002
9,2025-06-06 11:55:13.732754,-32.175,0.0006
9,2025-06-06 12:19:05.557487,-33.345,0.000533
9,2025-06-06 12:20:51.336587,32.565,0.000633
9,2025-06-06 12:30:10.611687,-30.615,0.000867
9,2025-06-06 13:14:03.522087,-59.865,0.0007
9,2025-06-06 13:19:21.438287,27.885,0.0008
9,2025-06-06 13:23:55.050820,25.35,0.000366
9,2025-06-06 13:23:55.426454,-28.86,0.000534
9,2025-06-06 13:45:03.513654,-30.42,3.4e-05
9,2025-06-06 13:48:03.635354,26.715,0.0003
9,2025-06-06 14:14:43.397087,-34.125,3.3e-05
9,2025-06-06 14:14:43.432720,-37.44,0.0008
9,2025-06-06 14:16:51.362387,-37.83,0.000933
9,2025-06-06 14:16:51.430787,-27.69,0.0004
9,2025-06-06 14:16:51.771887,28.665,0.000367
9,2025-06-06 14:52:19.473187,27.885,0.0009
9,2025-06-06 14:52:25.241720,29.445,0.000333
9,2025-06-06 14:59:32.694920,45.435,0.000466
9,2025-06-06 15:04:11.084854,-31.005,3.4e-05
9,2025-06-06 15:04:11.291987,-45.24,0.000833
9,2025-06-06 15:25:57.845654,28.665,0.000534
9,2025-06-06 15:25:57.915620,-45.825,3.3e-05
9,2025-06-06 15:27:07.306720,-33.54,3.3e-05
9,2025-06-06 15:48:00.853520,43.29,0.0009
9,2025-06-06 16:09:36.897787,-64.935,0.000867
9,2025-06-06 16:16:53.530387,-35.1,0.000933
9,2025-06-06 16:17:20.222020,-26.13,0.000666
9,2025-06-06 16:21:38.578620,57.72,0.000833
9,2025-06-06 16:29:44.192320,-31.005,0.000733
9,2025-06-06 16:37:26.664754,33.735,0.000534
9,2025-06-06 16:43:35.884854,44.85,0.000267
9,2025-06-06 17:15:22.504587,25.74,0.000233
9,2025-06-06 17:15:22.675254,-34.125,3.4e-05
9,2025-06-06 17:15:31.413954,-30.225,0.0009
9,2025-06-06 17:27:25.621054,-53.04,0.0003
9,2025-06-06 17:27:25.721754,32.175,0.000167
9,2025-06-06 17:27:25.791887,-29.25,0.000767
9,2025-06-06 17:36:02.062464,64.74,0.0002
9,2025-06-06 17:37:09.782998,-33.54,0.000634
9,2025-06-06 17:37:14.117931,-42.12,3.3e-05
9,2025-06-06 17:37:27.430235,-32.175,3.4e-05
9,2025-06-06 17:37:27.464735,33.15,0.000767
9,2025-06-06 17:37:36.649465,-34.32,0.0008
9,2025-06-06 18:10:39.080765,-37.245,0.0002
9,2025-06-06 18:10:48.466698,-59.865,3.3e-05
9,2025-06-06 18:11:01.641198,-28.275,0.000233
9,2025-06-06 18:22:59.942932,-36.855,0.000567
9,2025-06-06 18:29:26.503665,-42.51,0.000967
9,2025-06-06 18:36:27.981365,-46.02,3.3e-05
9,2025-06-06 18:36:49.485298,-27.885,0.000566
9,2025-06-06 18:43:15.466232,-43.29,0.0008
9,2025-06-06 18:52:51.056032,35.88,0.000967
9,2025-06-06 18:54:02.257532,40.365,0.0004
9,2025-06-06 18:54:02.291798,40.56,0.0002
9,2025-06-06 19:23:52.994665,25.935,0.000267
9,2025-06-06 19:36:52.975565,-37.44,0.000733
9,2025-06-06 19:38:52.510798,-32.565,0.000933
9,2025-06-06 19:39:35.416098,-30.81,0.000366
9,2025-06-06 19:52:56.935198,38.025,0.000966
9,2025-06-06 19:53:14.547932,-36.465,0.000434
9,2025-06-06 20:05:53.912165,-32.37,0.0006
9,2025-06-06 20:05:54.185632,32.955,0.000667
9,2025-06-06 20:20:53.880178,46.02,0.000367
9,2025-06-06 20:21:00.194678,29.835,0.000533
9,2025-06-06 20:47:11.874164,38.61,0.000267
9,2025-06-06 20:47:12.077664,-33.54,3.3e-05
9,2025-06-06 20:48:16.282031,-37.44,0.000234
9,2025-06-06 20:48:19.730097,-30.225,0.000866
9,2025-06-06 20:48:39.253864,-31.2,0.000833
9,2025-06-06 20:49:40.250031,-30.615,3.4e-05
9,2025-06-06 21:02:42.746503,52.065,0.000833
9,2025-06-06 21:06:52.338541,-25.545,0.000633
9,2025-06-06 21:07:17.255441,-25.545,0.000533
9,2025-06-06 21:07:36.916741,-44.655,0.000766
9,2025-06-06 21:07:37.052941,29.25,0.000866
9,2025-06-06 21:12:27.493308,-43.29,3.3e-05
9,2025-06-06 21:14:27.198975,-35.685,0.000234
9,2025-06-06 21:14:27.267375,28.86,0.000767
9,2025-06-06 21:34:23.723124,-27.885,0.0008
9,2025-06-06 21:34:34.269857,33.54,0.0002
9,2025-06-06 21:48:21.977569,-56.94,0.0005
9,2025-06-06 21:48:28.085636,-25.74,3.3e-05
9,2025-06-06 21:48:28.358836,35.88,0.000367
9,2025-06-06 21:48:38.633403,-39.585,0.0009
9,2025-06-06 21:48:38.668103,-31.005,0.000667
9,2025-06-06 21:48:38.735336,38.22,0.0009
9,2025-06-06 21:49:18.136301,27.105,0.0005
9,2025-06-06 22:24:47.818801,-35.685,0.000734
9,2025-06-06 23:02:28.640567,-32.955,0.0007
9,2025-06-06 23:07:56.046967,-42.705,3.3e-05
9,2025-06-06 23:08:46.838667,-36.855,0.000566
9,2025-06-06 23:41:05.719824,-30.225,3.3e-05
9,2025-06-06 23:45:04.616814,35.295,0.000967
9,2025-06-06 23:48:43.154973,-63.375,0.0008
9,2025-06-06 23:48:44.656840,-149.175,0.000467
9,2025-06-06 23:48:45.407773,-219.375,0.0004
9,2025-06-06 23:48:46.158707,-67.47,0.000734
9,2025-06-06 23:48:46.909640,-130.65,0.000433
9,2025-06-06 23:48:47.660607,-140.79,0.000567
9,2025-06-06 23:48:48.411507,-185.64,0.0003
9,2025-06-06 23:48:48.445740,-25.74,0.0008
9,2025-06-06 23:48:49.197340,-31.005,0.000867
9,2025-06-06 23:48:49.913373,-183.3,0.000333
9,2025-06-06 23:48:49.947540,-26.91,0.0002
9,2025-06-06 23:48:50.425373,-31.005,0.0008
9,2025-06-06 23:48:50.664307,-248.04,0.000267
9,2025-06-06 23:48:52.678440,-35.1,0.000933
9,2025-06-06 23:48:53.429107,-49.14,0.000567
9,2025-06-06 23:48:54.180107,-60.06,0.000567
9,2025-06-06 23:48:54.931240,-63.57,0.0006
9,2025-06-06 23:48:55.204040,-35.295,0.000667
9,2025-06-06 23:48:55.681973,-62.595,0.0007
9,2025-06-06 23:48:56.944907,-35.685,0.000567
9,2025-06-06 23:48:57.184240,-55.575,0.000833
9,2025-06-06 23:48:57.934707,-58.89,0.000334
9,2025-06-06 23:48:59.710140,-36.855,0.000867
9,2025-06-06 23:48:59.948573,-37.245,0.0008
9,2025-06-06 23:49:02.952607,-40.56,0.0006
9,2025-06-06 23:49:04.454273,-44.655,0.0005
9,2025-06-06 23:49:05.205273,-54.6,0.0004
9,2025-06-06 23:49:07.219440,-29.64,0.000667
9,2025-06-06 23:49:10.802973,-27.105,3.3e-05
9,2025-06-06 23:49:11.076040,-382.005,0.0003
9,2025-06-06 23:49:16.163473,-4440.15,0.000333
9,2025-06-06 23:49:25.138973,1024.72,0.000966
9,2025-06-06 23:49:25.753373,634.14,0.0008
9,2025-06-06 23:52:27.788918,-27.3,3.3e-05
9,2025-06-06 23:55:06.315826,-26.91,0.000734
9,2025-06-06 23:55:12.323259,-28.47,0.000933
9,2025-06-06 23:55:17.136126,-25.35,0.0009
9,2025-06-06 23:58:14.748342,-28.08,0.000767
9,2025-06-07 00:02:01.529127,25.35,0.000334
9,2025-06-07 00:05:20.504639,-29.055,0.000233
9,2025-06-07 00:05:29.618239,-27.885,0.000733
9,2025-06-07 00:35:02.650237,40.95,3.4e-05
9,2025-06-07 00:55:14.656637,-25.74,0.000967
9,2025-06-07 00:55:14.997303,-37.245,3.3e-05
9,2025-06-07 01:01:50.656911,-37.83,0.000567
9,2025-06-07 01:02:16.152511,-35.88,3.4e-05
9,2025-06-07 01:02:43.732911,25.545,0.0008
9,2025-06-07 01:19:15.532715,-31.59,0.0006
9,2025-06-07 01:32:35.030623,-29.055,0.000366
9,2025-06-07 01:39:42.604827,-42.12,0.000867
9,2025-06-07 01:40:37.864993,-42.12,0.0007
9,2025-06-07 01:46:10.528860,-25.35,0.000933
9,2025-06-07 02:04:28.802493,31.005,0.000333
9,2025-06-07 02:30:41.529960,28.275,0.000767
9,2025-06-07 02:43:12.429260,35.295,0.0007
9,2025-06-07 02:43:12.565827,-25.545,0.000434
9,2025-06-07 02:52:16.514860,-28.08,0.0005
9,2025-06-07 02:52:16.616927,-30.225,0.000234
9,2025-06-07 02:53:07.681160,-36.465,0.000867
9,2025-06-07 02:54:22.944727,-36.855,0.0004
9,2025-06-07 02:54:22.979593,39.0,0.000533
9,2025-06-07 03:15:41.920393,-31.785,0.000966
9,2025-06-07 03:15:41.955060,52.845,0.000267
9,2025-06-07 03:35:48.773493,-39.39,0.0007
9,2025-06-07 03:50:56.037227,27.69,0.0007
9,2025-06-07 03:50:56.104960,-25.35,0.000867
9,2025-06-07 04:03:02.257960,29.055,0.000767
9,2025-06-07 04:05:09.576227,-45.825,0.000334
9,2025-06-07 04:05:09.643593,27.885,0.0009
9,2025-06-07 04:05:31.113227,38.415,0.000634
9,2025-06-07 04:08:39.803493,-43.68,0.000433
9,2025-06-07 04:30:40.796360,38.025,0.000367
9,2025-06-07 04:50:51.368893,-27.69,3.3e-05
9,2025-06-07 05:02:55.747027,27.495,0.000867
9,2025-06-07 05:24:03.767627,55.38,0.000734
9,2025-06-07 05:27:56.998760,-25.74,3.3e-05
9,2025-06-07 05:27:57.169427,27.105,0.0004
9,2025-06-07 05:31:35.793527,-29.835,0.000667
9,2025-06-07 05:33:05.769493,-31.785,0.000633
9,2025-06-07 05:52:07.939060,36.27,0.0003
9,2025-06-07 06:16:33.726227,-25.935,3.4e-05
9,2025-06-07 06:24:26.576593,-47.19,0.000733
9,2025-06-07 06:58:36.521393,28.275,0.000733
9,2025-06-07 07:01:20.429160,-25.35,0.000433
9,2025-06-07 07:05:47.385960,-25.935,3.3e-05
9,2025-06-07 07:39:17.839293,25.545,0.000333
9,2025-06-07 07:39:48.764093,-42.51,0.000566
9,2025-06-07 07:47:18.744027,30.42,0.0005
9,2025-06-07 07:47:40.145427,-25.74,3.4e-05
9,2025-06-07 07:51:28.054093,-27.885,0.000533
9,2025-06-07 07:55:25.896460,-32.955,0.000933
9,2025-06-07 08:03:41.988660,-27.3,0.000733
9,2025-06-07 08:20:23.153427,-31.2,3.4e-05
9,2025-06-07 08:28:53.890893,39.0,3.3e-05
9,2025-06-07 08:33:09.412760,-27.885,0.000933
9,2025-06-07 09:18:54.279160,34.32,0.000233
9,2025-06-07 09:44:14.031893,-25.74,0.0008
9,2025-06-07 09:53:40.883593,28.665,0.0002
9,2025-06-07 10:06:23.252193,-28.275,0.0008
9,2025-06-07 10:15:14.639360,25.74,0.000267
9,2025-06-07 11:13:14.318976,30.225,0.000267
9,2025-06-07 11:13:14.353043,31.005,0.000234
9,2025-06-07 12:09:57.566265,37.635,0.000566
9,2025-06-07 12:09:57.634599,28.665,0.0003
9,2025-06-07 12:52:38.751651,-30.225,0.000766
9,2025-06-07 12:52:39.195785,-26.52,0.000834
9,2025-06-07 13:15:54.395251,-28.47,0.000866
9,2025-06-07 14:28:14.346018,-28.665,3.3e-05
9,2025-06-07 14:31:35.835585,40.17,0.000767
9,2025-06-07 16:35:40.861218,26.715,3.3e-05
9,2025-06-07 16:35:40.963885,-30.42,0.000534
9,2025-06-07 17:41:18.134859,29.445,3.3e-05
9,2025-06-07 19:44:18.252845,-26.52,0.000733
9,2025-06-07 20:55:33.452845,25.155,0.0008
9,2025-06-07 21:04:53.716745,-31.98,3.3e-05
9,2025-06-08 09:59:44.393531,25.935,0.000266
9,2025-06-08 18:55:09.018398,-3470.61,0.0004
9,2025-06-08 22:54:39.879539,730.275,0.0003
9,2025-06-08 22:54:40.050173,230.88,0.0006
9,2025-06-08 22:54:40.801139,839.67,0.000333
9,2025-06-08 22:54:40.971773,222.495,0.0008
9,2025-06-08 22:55:21.761106,-2670.14,3.3e-05
9,2025-06-08 22:55:21.931773,394.095,0.000467
9,2025-06-08 22:55:22.102439,206.31,0.000833
9,2025-06-08 22:55:36.097239,830.505,0.000333
9,2025-06-08 22:58:03.199069,765.96,0.0003
9,2025-06-08 22:58:03.369835,236.535,0.000733
9,2025-06-08 23:04:53.531034,-37.05,0.0006
9,2025-06-08 23:04:54.281967,-93.015,0.0003
9,2025-06-08 23:11:33.431458,768.885,0.0003
9,2025-06-08 23:11:33.602158,254.28,0.000733
9,2025-06-08 23:11:33.772692,133.965,0.000934
9,2025-06-08 23:12:41.117825,631.8,0.0003
9,2025-06-08 23:12:41.288425,168.09,0.000633
9,2025-06-08 23:12:42.039358,-1105.65,0.0001
9,2025-06-08 23:13:04.840558,749.97,0.0003
9,2025-06-08 23:13:05.181758,127.53,0.0009
9,2025-06-08 23:14:20.923725,146.64,0.000933
9,2025-06-08 23:14:21.503892,-2822.04,3.4e-05
9,2025-06-08 23:14:21.674558,593.775,0.0004
9,2025-06-08 23:14:35.942358,250.575,0.000733
9,2025-06-08 23:19:06.713982,-1983.54,6.6e-05
9,2025-06-08 23:19:07.055316,129.675,0.000934
9,2025-06-08 23:19:07.806249,658.125,0.000367
9,2025-06-08 23:19:07.977149,154.635,0.000933
9,2025-06-08 23:19:40.130649,780.585,0.0003
9,2025-06-08 23:19:40.301182,255.255,0.000566
9,2025-06-08 23:19:40.471849,107.25,0.000933
9,2025-06-08 23:22:50.867582,304.005,0.000533
9,2025-06-08 23:22:51.038249,109.2,0.000967
9,2025-06-08 23:22:51.618549,788.58,0.0003
9,2025-06-08 23:22:51.789216,267.93,0.000734
9,2025-06-08 23:22:52.540116,339.885,0.000467
9,2025-06-08 23:22:52.710782,279.825,0.000766
9,2025-06-08 23:23:32.783316,-1927.38,6.7e-05
9,2025-06-08 23:23:32.953982,294.45,0.000533
9,2025-06-08 23:23:33.124649,190.125,0.000833
9,2025-06-08 23:23:33.705049,785.07,0.0003
9,2025-06-08 23:24:32.107049,-1883.7,6.7e-05
9,2025-06-08 23:24:32.448382,183.105,0.000833
9,2025-06-08 23:29:57.091540,-26.325,3.3e-05
9,2025-06-08 23:41:56.146744,505.635,0.0004
9,2025-06-08 23:41:56.317611,147.615,0.000934
9,2025-06-08 23:41:56.897677,-1020.83,0.0001
9,2025-06-08 23:41:57.068344,350.415,0.0005
9,2025-06-08 23:43:48.308911,221.91,0.0007
9,2025-06-08 23:43:49.059977,257.205,0.000733
9,2025-06-08 23:43:49.230611,119.925,0.000934
9,2025-06-09 00:21:28.940871,228.93,0.000734
9,2025-06-09 00:21:29.111404,102.375,0.000967
9,2025-06-09 01:59:35.745347,306.345,0.0005
9,2025-06-09 01:59:35.916114,160.875,0.000934
9,2025-06-09 02:00:08.035480,759.72,0.000333
9,2025-06-09 02:00:08.206147,246.09,0.000733
9,2025-06-09 02:03:05.283678,-1072.31,0.000334
9,2025-06-09 02:03:05.454278,183.495,0.000667
9,2025-06-09 02:05:40.354705,1825.2,0.0002
9,2025-06-09 02:05:40.525338,301.08,0.000533
9,2025-06-09 02:05:41.276305,1798.09,0.0002
9,2025-06-09 02:05:41.447005,376.155,0.0005
9,2025-06-09 02:07:40.981905,-1074.26,0.000333
9,2025-06-09 02:11:12.335505,260.325,0.0005
9,2025-06-09 02:11:13.086405,-1088.49,0.000333
9,2025-06-09 02:11:13.257072,232.44,0.0006
9,2025-06-09 03:37:17.818644,271.44,0.000133
9,2025-06-09 03:38:06.561011,65.91,0.000267
9,2025-06-09 03:38:14.377544,105.885,0.000233
9,2025-06-09 03:38:15.299177,414.18,0.000133
9,2025-06-09 03:38:55.269311,390.78,0.000167
9,2025-06-09 03:39:11.277811,227.175,0.000134
9,2025-06-09 03:39:39.983944,-160.68,3.3e-05
9,2025-06-09 03:40:08.690177,213.33,0.000133
9,2025-06-09 03:42:20.581277,153.075,0.000166
9,2025-06-09 03:42:35.019677,50.31,3.3e-05
9,2025-06-09 03:42:40.583477,217.815,0.000133
9,2025-06-09 03:43:59.602077,26.715,0.000266
9,2025-06-09 03:44:44.794611,61.62,0.000267
9,2025-06-09 03:47:51.469811,63.96,0.0002
9,2025-06-09 03:48:06.556844,413.79,0.000133
9,2025-06-09 03:49:49.025011,26.91,0.000267
9,2025-06-09 03:50:48.621811,197.34,0.0002
9,2025-06-09 03:50:54.765811,106.665,0.0002
9,2025-06-09 03:51:47.433611,200.655,0.000134
9,2025-06-09 03:52:07.094377,416.715,0.000133
9,2025-06-09 03:52:41.944577,125.97,0.000166
9,2025-06-09 03:53:25.054877,88.53,0.0002
10,2025-06-05 15:08:01.480191,26.715,0.000433
10,2025-06-05 18:07:33.432618,-26.715,3.4e-05
10,2025-06-05 18:29:13.307846,-25.35,0.000733
10,2025-06-06 01:38:50.634458,-25.155,3.4e-05
10,2025-06-06 01:42:42.365758,-26.325,0.000867
10,2025-06-06 02:43:03.509487,-34.515,0.000533
10,2025-06-06 03:08:46.028854,-29.64,3.4e-05
10,2025-06-06 12:55:15.788854,-25.935,3.4e-05
10,2025-06-06 13:33:31.699254,-26.715,3.4e-05
10,2025-06-06 13:50:22.421387,-29.445,3.3e-05
10,2025-06-06 14:57:26.502454,-25.35,3.4e-05
10,2025-06-06 16:09:36.862087,25.74,0.0005
10,2025-06-06 16:31:02.937654,-25.545,3.4e-05
10,2025-06-06 17:36:02.062464,73.515,0.0002
10,2025-06-06 18:11:01.538598,-35.1,3.3e-05
10,2025-06-06 20:14:51.452145,-25.74,3.4e-05
10,2025-06-06 20:29:18.652264,29.055,0.0003
10,2025-06-06 21:48:28.188269,-25.545,0.000366
10,2025-06-06 23:16:18.161404,-27.495,3.3e-05
10,2025-06-06 23:58:22.462242,27.69,0.0002
10,2025-06-07 00:02:29.791260,31.2,0.000233
10,2025-06-07 00:15:11.635170,-26.715,3.3e-05
10,2025-06-07 00:16:04.610237,30.42,0.0002
10,2025-06-07 00:18:46.845870,27.495,0.000233
10,2025-06-07 01:13:47.447948,-27.885,3.3e-05
10,2025-06-07 01:45:16.529560,28.08,0.0003
10,2025-06-07 02:52:45.493693,-30.81,3.3e-05
10,2025-06-07 03:40:03.270760,-27.495,3.3e-05
10,2025-06-07 07:02:19.548093,-28.08,3.3e-05
10,2025-06-07 08:52:51.313427,-28.275,3.4e-05
10,2025-06-07 11:45:06.827065,-25.35,3.3e-05
10,2025-06-07 12:14:32.817465,-26.325,3.3e-05
10,2025-06-07 12:39:27.540685,-27.105,3.4e-05
10,2025-06-07 13:31:48.353485,-28.665,3.4e-05
10,2025-06-07 13:39:09.151351,-29.25,3.3e-05
10,2025-06-07 15:20:14.269218,-29.25,3.3e-05
10,2025-06-07 15:40:17.947085,-26.13,3.4e-05
10,2025-06-07 16:10:59.679351,-26.715,3.3e-05
10,2025-06-07 17:53:56.679926,-27.495,0.0001
10,2025-06-07 21:09:41.597279,-26.325,3.4e-05
10,2025-06-07 21:33:02.224479,-25.935,3.4e-05
10,2025-06-07 21:52:55.389279,-25.545,3.4e-05
10,2025-06-07 21:53:06.414345,-29.835,3.3e-05
10,2025-06-08 17:27:50.572768,-35.1,6.7e-05
10,2025-06-08 18:35:01.194183,-26.325,3.3e-05
10,2025-06-08 22:54:39.879639,-166.335,0.0007
10,2025-06-08 22:54:40.050173,-100.23,0.0009
10,2025-06-08 22:54:40.630606,920.595,0.000433
10,2025-06-08 22:54:40.801206,-188.955,0.0007
10,2025-06-08 22:55:21.590539,1917.24,0.0002
10,2025-06-08 22:55:21.761206,902.655,0.000433
10,2025-06-08 22:55:21.931773,-141.375,0.000767
10,2025-06-08 22:55:36.097106,507.585,0.0005
10,2025-06-08 22:55:36.848039,1906.13,0.0002
10,2025-06-08 22:58:03.028569,1932.45,0.0002
10,2025-06-08 22:58:03.199169,-164.385,0.0007
10,2025-06-08 22:58:03.369735,-84.045,0.000933
10,2025-06-08 23:04:54.282000,82.68,0.000333
10,2025-06-08 23:11:33.260692,1924.65,0.0002
10,2025-06-08 23:11:33.431358,561.405,0.0005
10,2025-06-08 23:11:33.602025,-99.255,0.0009
10,2025-06-08 23:12:41.117858,-117.975,0.000666
10,2025-06-08 23:12:41.288425,-80.145,0.000933
10,2025-06-08 23:12:41.868725,1903.4,0.0002
10,2025-06-08 23:12:42.039392,897.975,0.000434
10,2025-06-08 23:13:04.669825,1913.54,0.0002
10,2025-06-08 23:13:04.840425,813.54,0.000467
10,2025-06-08 23:14:21.503992,918.255,0.000434
10,2025-06-08 23:14:21.674558,-174.72,0.0007
10,2025-06-08 23:14:35.601125,925.47,0.000433
10,2025-06-08 23:19:06.543416,1915.68,0.0002
10,2025-06-08 23:19:06.714049,937.17,0.000433
10,2025-06-08 23:19:07.465016,1907.69,0.0002
10,2025-06-08 23:19:07.806282,-192.27,0.0007
10,2025-06-08 23:19:40.130516,821.925,0.000467
10,2025-06-08 23:19:40.301182,-110.37,0.000866
10,2025-06-08 23:22:50.867582,-111.345,0.000833
10,2025-06-08 23:22:51.448016,915.33,0.000434
10,2025-06-08 23:22:51.618616,-171.015,0.000667
10,2025-06-08 23:22:52.369449,1509.89,0.000233
10,2025-06-08 23:22:52.540116,-145.08,0.000767
10,2025-06-08 23:23:32.783382,878.475,0.000433
10,2025-06-08 23:23:32.953982,-107.64,0.000833
10,2025-06-08 23:23:33.704916,819.585,0.000467
10,2025-06-08 23:24:31.936482,1901.83,0.0002
10,2025-06-08 23:24:32.107116,930.735,0.000434
10,2025-06-08 23:41:56.146744,-178.425,0.0007
10,2025-06-08 23:41:56.897711,953.355,0.000434
10,2025-06-08 23:41:57.068344,-134.16,0.0008
10,2025-06-08 23:43:49.059811,-109.59,0.000867
10,2025-06-09 00:21:28.940737,-109.785,0.0009
10,2025-06-09 01:45:49.787804,-25.935,0.000233
10,2025-06-09 01:59:35.404180,1932.84,0.0002
10,2025-06-09 01:59:35.745347,-125.58,0.0008
10,2025-06-09 02:00:08.035514,-170.625,0.000667
10,2025-06-09 02:03:05.454278,64.155,0.000334
10,2025-06-09 02:05:40.525338,366.015,0.0002
10,2025-06-09 02:05:40.696005,-30.615,0.0006
10,2025-06-09 02:05:41.447005,520.26,0.000167
10,2025-06-09 02:11:12.335505,479.505,0.000167
10,2025-06-09 02:11:13.257072,114.27,0.000267
10,2025-06-09 03:37:17.818644,227.175,0.000133
10,2025-06-09 03:38:06.561011,81.315,0.000267
10,2025-06-09 03:38:14.377544,136.11,0.000233
10,2025-06-09 03:38:15.299177,363.87,0.000133
10,2025-06-09 03:38:55.269311,352.365,0.000167
10,2025-06-09 03:39:11.277811,197.34,0.000134
10,2025-06-09 03:40:08.690177,177.06,0.000133
10,2025-06-09 03:42:20.581277,148.98,0.000166
10,2025-06-09 03:42:35.019677,59.085,3.3e-05
10,2025-06-09 03:42:40.583477,205.335,0.000133
10,2025-06-09 03:44:44.794611,75.465,0.000267
10,2025-06-09 03:47:51.469811,71.175,0.0002
10,2025-06-09 03:48:06.556844,359.775,0.000133
10,2025-06-09 03:50:48.621811,231.075,0.0002
10,2025-06-09 03:50:54.765811,117.195,0.0002
10,2025-06-09 03:51:47.433611,175.695,0.000134
10,2025-06-09 03:52:07.094377,370.5,0.000133
10,2025-06-09 03:52:41.944577,108.225,0.000133
10,2025-06-09 03:53:25.054877,102.765,0.0002
11,2025-06-05 14:28:58.773858,-35.295,0.000834
11,2025-06-05 14:29:03.790391,-33.54,3.3e-05
11,2025-06-05 14:29:07.715958,-26.91,0.000267
11,2025-06-05 14:42:05.341324,-30.03,6.6e-05
11,2025-06-05 15:55:58.704622,-30.03,3.3e-05
11,2025-06-05 15:58:34.591556,-31.005,3.4e-05
11,2025-06-05 16:05:05.930222,-37.05,3.3e-05
11,2025-06-05 16:07:43.489689,-29.055,3.3e-05
11,2025-06-05 16:20:08.449689,-31.2,6.7e-05
11,2025-06-05 16:23:16.251289,-29.055,3.3e-05
11,2025-06-05 16:28:37.514222,-30.42,3.3e-05
11,2025-06-05 16:33:12.253422,-26.52,3.3e-05
11,2025-06-05 16:47:12.718489,-29.25,3.3e-05
11,2025-06-05 17:09:46.514756,-26.13,3.4e-05
11,2025-06-05 17:24:34.330504,-26.715,3.3e-05
11,2025-06-05 17:28:09.930125,-30.225,3.3e-05
11,2025-06-05 17:42:08.927458,-25.35,6.6e-05
11,2025-06-05 17:43:59.075725,-26.325,3.3e-05
11,2025-06-05 17:44:44.063458,-28.275,3.3e-05
11,2025-06-05 17:46:04.037892,-30.81,6.7e-05
11,2025-06-05 17:52:51.969788,-27.69,3.3e-05
11,2025-06-05 17:57:55.039655,-30.225,3.3e-05
11,2025-06-05 18:05:25.432618,-31.785,3.4e-05
11,2025-06-05 18:14:32.521684,-33.15,3.3e-05
11,2025-06-05 18:26:27.521746,-32.76,3.3e-05
11,2025-06-06 17:36:02.062464,80.925,0.0002
11,2025-06-06 23:49:25.138973,238.29,0.000966
11,2025-06-08 22:54:39.879506,292.11,0.000233
11,2025-06-08 22:54:40.801106,281.775,0.000267
11,2025-06-08 22:55:21.761106,2137.0,0.000333
11,2025-06-08 22:55:36.097106,456.495,0.000167
11,2025-06-08 22:58:03.199069,240.825,0.0006
11,2025-06-08 23:11:33.431358,487.89,0.0005
11,2025-06-08 23:12:41.117758,185.64,0.000233
11,2025-06-08 23:12:42.039358,1085.18,0.0004
11,2025-06-08 23:13:04.840425,658.905,0.000467
11,2025-06-08 23:14:21.503892,2178.15,0.000334
11,2025-06-08 23:14:21.674558,128.31,0.0007
11,2025-06-08 23:19:06.713982,1801.99,3.3e-05
11,2025-06-08 23:19:07.465149,2166.84,0.000333
11,2025-06-08 23:19:07.806249,174.135,0.000333
11,2025-06-08 23:19:40.130516,660.855,0.000134
11,2025-06-08 23:22:50.868016,94.965,0.000934
11,2025-06-08 23:22:51.618516,393.705,0.000234
11,2025-06-08 23:22:52.369549,2167.62,0.000333
11,2025-06-08 23:23:32.783316,1907.3,3.4e-05
11,2025-06-08 23:23:32.954182,115.635,0.0007
11,2025-06-08 23:23:33.704916,698.49,0.000134
11,2025-06-08 23:24:32.107049,1868.1,3.3e-05
11,2025-06-08 23:41:56.146744,155.22,0.0007
11,2025-06-08 23:41:56.897677,1205.49,0.0004
11,2025-06-08 23:41:57.068344,75.465,0.0008
11,2025-06-08 23:43:48.308944,130.065,0.000733
11,2025-06-09 00:21:28.940871,90.09,0.0007
11,2025-06-09 01:59:35.404314,2152.22,0.000334
11,2025-06-09 01:59:35.916014,-60.645,0.0008
11,2025-06-09 02:00:08.035480,191.88,0.000633
11,2025-06-09 02:00:08.206147,105.69,0.0007
11,2025-06-09 02:03:05.454278,-126.165,0.0004
11,2025-06-09 02:05:40.525338,-281.97,0.000266
11,2025-06-09 02:05:40.696005,-53.04,0.000667
11,2025-06-09 02:05:41.446972,-338.13,0.0002
11,2025-06-09 02:07:40.981872,2094.3,3.4e-05
11,2025-06-09 02:11:12.335538,-387.075,0.000233
11,2025-06-09 02:11:12.506138,-25.935,0.000666
11,2025-06-09 02:11:13.086405,1263.99,6.7e-05
11,2025-06-09 02:11:13.257072,-147.81,0.000334
11,2025-06-09 03:37:17.818644,220.935,0.000133
11,2025-06-09 03:38:06.561011,81.9,0.000267
11,2025-06-09 03:38:14.377544,135.33,0.000233
11,2025-06-09 03:38:15.299177,359.775,0.000133
11,2025-06-09 03:38:55.269311,357.825,0.000134
11,2025-06-09 03:39:11.277811,188.76,0.000134
11,2025-06-09 03:40:08.690177,174.33,0.000133
11,2025-06-09 03:42:20.581277,154.44,0.000166
11,2025-06-09 03:42:35.019677,80.34,3.3e-05
11,2025-06-09 03:42:40.583477,191.88,0.000133
11,2025-06-09 03:43:59.602077,40.755,0.000266
11,2025-06-09 03:44:44.794611,81.315,0.000267
11,2025-06-09 03:47:51.469811,80.145,0.0002
11,2025-06-09 03:48:06.556844,353.34,0.000133
11,2025-06-09 03:49:49.025011,41.145,0.000267
11,2025-06-09 03:50:48.621811,231.66,0.0002
11,2025-06-09 03:50:54.765811,122.655,0.0002
11,2025-06-09 03:51:47.433611,168.285,0.000134
11,2025-06-09 03:52:07.094377,360.555,0.000133
11,2025-06-09 03:52:41.944577,101.205,0.000133
11,2025-06-09 03:53:25.054877,107.64,0.0002
12,2025-06-05 13:59:17.888469,35.1,0.0004
12,2025-06-05 14:29:52.464858,29.64,0.0006
12,2025-06-05 14:42:45.686991,30.81,0.000733
12,2025-06-05 14:51:20.246924,-25.935,3.3e-05
12,2025-06-05 14:54:53.716891,30.615,0.000233
12,2025-06-05 15:17:28.162458,28.665,0.000867
12,2025-06-05 15:45:26.384622,-33.345,3.3e-05
12,2025-06-05 15:56:18.911556,-30.81,3.4e-05
12,2025-06-05 15:57:29.260356,-29.64,3.4e-05
12,2025-06-05 17:13:04.829422,-30.42,3.3e-05
12,2025-06-05 18:09:10.098218,-26.715,3.4e-05
12,2025-06-05 19:02:31.336146,-28.665,3.3e-05
12,2025-06-05 21:53:30.280146,-26.325,3.3e-05
12,2025-06-05 22:48:21.450279,-28.47,3.3e-05
12,2025-06-05 23:04:30.700413,-35.295,3.4e-05
12,2025-06-05 23:42:20.976679,-28.86,3.3e-05
12,2025-06-06 00:54:24.929610,-32.565,3.4e-05
12,2025-06-06 02:31:21.928697,-31.395,3.3e-05
12,2025-06-06 03:26:22.011854,-27.495,0.0003
12,2025-06-06 03:26:23.752587,-27.495,0.0001
12,2025-06-06 03:50:08.136587,-26.52,3.3e-05
12,2025-06-06 03:57:10.843787,-27.885,6.7e-05
12,2025-06-06 05:14:28.676320,-28.08,6.6e-05
12,2025-06-06 05:30:08.469387,-32.955,3.3e-05
12,2025-06-06 05:44:44.228320,-25.935,3.3e-05
12,2025-06-06 07:32:10.308320,-26.715,3.3e-05
12,2025-06-06 08:22:52.987787,-31.395,3.3e-05
12,2025-06-06 09:45:32.697720,-28.86,0.000166
12,2025-06-06 10:04:37.188320,-33.735,3.3e-05
12,2025-06-06 13:30:27.140320,-25.155,3.3e-05
12,2025-06-06 15:14:41.561654,-30.03,6.7e-05
12,2025-06-06 15:26:20.475787,-27.105,3.3e-05
12,2025-06-06 15:35:47.328054,-28.275,3.4e-05
12,2025-06-06 16:46:51.332320,-27.105,3.3e-05
12,2025-06-06 16:55:20.738187,-29.25,3.3e-05
12,2025-06-06 17:36:02.062464,65.715,0.0002
12,2025-06-06 18:06:16.525265,-28.665,3.3e-05
12,2025-06-06 18:38:12.258598,-29.25,3.3e-05
12,2025-06-06 18:44:32.845265,-26.715,3.3e-05
12,2025-06-06 19:59:17.111932,-25.74,3.4e-05
12,2025-06-06 20:33:45.916164,-26.52,3.3e-05
12,2025-06-06 23:48:43.905907,-128.505,0.000367
12,2025-06-06 23:48:50.664307,-30.03,0.0009
12,2025-06-06 23:48:51.415240,-52.455,0.000733
12,2025-06-06 23:48:52.166173,-73.125,0.0006
12,2025-06-06 23:48:52.917173,-63.375,0.0006
12,2025-06-06 23:48:53.668040,-48.75,0.000433
12,2025-06-06 23:48:54.418973,-51.285,0.000333
12,2025-06-06 23:48:55.169907,-61.035,0.0004
12,2025-06-06 23:48:55.920840,-91.26,0.000367
12,2025-06-06 23:48:56.671940,-44.46,0.000467
12,2025-06-06 23:48:57.422707,-205.14,0.0002
12,2025-06-06 23:48:57.934707,-30.615,0.000867
12,2025-06-06 23:48:58.173640,-101.4,0.0001
12,2025-06-06 23:49:00.187507,-98.28,0.000867
12,2025-06-06 23:49:00.938440,-70.98,0.000667
12,2025-06-06 23:49:01.689373,-98.085,0.0006
12,2025-06-06 23:49:02.440307,-147.03,0.000367
12,2025-06-06 23:49:03.191240,-111.345,0.000367
12,2025-06-06 23:49:03.942173,-136.89,0.0003
12,2025-06-06 23:49:04.693107,-98.865,0.000434
12,2025-06-06 23:49:05.444040,-122.07,0.0002
12,2025-06-06 23:49:06.194973,-162.045,0.000166
12,2025-06-06 23:49:09.540040,-198.51,3.3e-05
12,2025-06-06 23:49:09.847240,-102.18,0.000333
12,2025-06-06 23:49:10.768840,-98.865,0.000133
12,2025-06-06 23:49:11.076040,-54.015,0.000333
12,2025-06-06 23:49:25.138973,687.765,0.000966
12,2025-06-07 01:35:59.234493,-25.935,3.3e-05
12,2025-06-07 02:31:29.794493,-28.275,3.3e-05
12,2025-06-08 18:52:56.562054,-36.855,0.000133
12,2025-06-08 22:54:39.572306,-61.62,0.000867
12,2025-06-08 22:54:39.879673,2250.89,0.0004
12,2025-06-08 22:54:40.050173,1129.64,0.000567
12,2025-06-08 22:54:40.152573,-95.355,0.0002
12,2025-06-08 22:54:40.220839,829.725,0.000966
12,2025-06-08 22:54:40.323239,-31.2,0.0006
12,2025-06-08 22:54:40.493906,-213.135,6.7e-05
12,2025-06-08 22:54:40.801206,2281.89,0.000367
12,2025-06-08 22:54:40.971773,1052.03,0.000767
12,2025-06-08 22:54:41.074173,-68.64,0.000367
12,2025-06-08 22:55:21.453906,-77.805,0.0007
12,2025-06-08 22:55:21.931773,1831.83,0.000467
12,2025-06-08 22:55:22.034173,-351.39,3.4e-05
12,2025-06-08 22:55:22.102439,960.57,0.0008
12,2025-06-08 22:55:22.204839,-99.84,0.000333
12,2025-06-08 22:55:36.097339,2205.45,0.0004
12,2025-06-08 22:55:36.438439,864.24,0.000933
12,2025-06-08 22:55:36.540873,-38.805,0.000667
12,2025-06-08 22:58:03.199169,2257.71,0.0004
12,2025-06-08 22:58:03.369835,1077.38,0.0007
12,2025-06-08 22:58:03.472135,-108.81,0.000266
12,2025-06-08 22:58:03.540402,853.32,0.000967
12,2025-06-08 22:58:03.642802,-29.055,0.000533
12,2025-06-08 23:11:33.431558,2293.98,0.0004
12,2025-06-08 23:11:33.602158,979.485,0.000733
12,2025-06-08 23:11:33.704425,-197.145,0.000133
12,2025-06-08 23:11:33.772692,851.175,0.000934
12,2025-06-08 23:11:33.875092,-115.44,0.0004
12,2025-06-08 23:12:41.117992,2112.04,0.0005
12,2025-06-08 23:12:41.288425,1144.45,0.0006
12,2025-06-08 23:12:41.390825,-150.15,0.000167
12,2025-06-08 23:12:41.561492,-62.01,0.000567
12,2025-06-08 23:12:42.039658,2273.5,0.0004
12,2025-06-08 23:13:04.533225,-34.32,0.0009
12,2025-06-08 23:13:04.840658,2258.1,0.0004
12,2025-06-08 23:13:05.181758,931.32,0.000866
12,2025-06-08 23:13:05.284158,-55.38,0.0004
12,2025-06-08 23:14:20.923758,602.355,0.000966
12,2025-06-08 23:14:21.026025,-46.02,0.0004
12,2025-06-08 23:14:21.196758,-29.055,0.0008
12,2025-06-08 23:14:21.674558,2223.58,0.0004
12,2025-06-08 23:14:35.293758,-55.965,0.000733
12,2025-06-08 23:14:35.942358,1050.27,0.000733
12,2025-06-08 23:14:36.044692,-223.275,0.000167
12,2025-06-08 23:19:06.406782,-73.905,0.000733
12,2025-06-08 23:19:06.713982,-2683.4,6.6e-05
12,2025-06-08 23:19:07.055316,906.945,0.000934
12,2025-06-08 23:19:07.157716,-40.17,0.0005
12,2025-06-08 23:19:07.806282,2313.68,0.000366
12,2025-06-08 23:19:07.976916,707.46,0.000667
12,2025-06-08 23:19:08.079316,-61.035,0.000234
12,2025-06-08 23:19:40.130749,2254.98,0.0004
12,2025-06-08 23:19:40.301182,1298.51,0.000533
12,2025-06-08 23:19:40.403582,-101.4,0.0001
12,2025-06-08 23:19:40.471849,889.395,0.000933
12,2025-06-08 23:19:40.574282,-55.77,0.0005
12,2025-06-08 23:22:50.867582,2152.41,0.0005
12,2025-06-08 23:22:50.969982,-278.46,0.000166
12,2025-06-08 23:22:51.038249,850.005,0.000933
12,2025-06-08 23:22:51.140649,-72.345,0.000567
12,2025-06-08 23:22:51.618649,2284.81,0.000367
12,2025-06-08 23:22:51.789216,1033.5,0.000734
12,2025-06-08 23:22:51.891582,-119.925,0.000233
12,2025-06-08 23:22:52.062282,-35.685,0.000533
12,2025-06-08 23:22:52.540116,1774.5,0.000467
12,2025-06-08 23:22:52.710782,1014.2,0.000766
12,2025-06-08 23:22:52.813182,-61.23,0.000333
12,2025-06-08 23:23:32.783316,-3553.49,3.4e-05
12,2025-06-08 23:23:32.953982,1623.96,0.0005
12,2025-06-08 23:23:33.056382,-337.155,6.6e-05
12,2025-06-08 23:23:33.124649,982.41,0.000833
12,2025-06-08 23:23:33.227049,-102.96,0.000433
12,2025-06-08 23:23:33.705149,2305.88,0.000367
12,2025-06-08 23:24:31.799849,-35.88,0.0007
12,2025-06-08 23:24:32.107049,-2843.49,6.7e-05
12,2025-06-08 23:24:32.448382,987.09,0.000833
12,2025-06-08 23:41:55.600611,-63.18,0.000434
12,2025-06-08 23:41:55.668877,-194.805,0.000433
12,2025-06-08 23:41:56.146744,2275.46,0.0004
12,2025-06-08 23:41:56.419811,-44.655,0.0003
12,2025-06-08 23:41:56.897977,2288.91,0.0004
12,2025-06-08 23:41:57.068344,1729.65,0.0005
12,2025-06-08 23:41:57.170744,-84.435,0.0001
12,2025-06-08 23:41:57.239011,857.025,0.000967
12,2025-06-08 23:41:57.341477,-39.195,0.000566
12,2025-06-08 23:43:48.308877,1216.99,0.0007
12,2025-06-08 23:43:48.411277,-318.825,0.000266
12,2025-06-08 23:43:49.059811,1294.02,0.000567
12,2025-06-08 23:43:49.162211,-268.71,6.7e-05
12,2025-06-09 00:21:28.940737,1213.29,0.000566
12,2025-06-09 00:21:29.043137,-272.61,0.000133
12,2025-06-09 01:59:35.745347,1861.67,0.000467
12,2025-06-09 01:59:35.847747,-316.485,0.000133
12,2025-06-09 01:59:36.018414,-70.395,0.000367
12,2025-06-09 01:59:36.189080,-30.81,0.0007
12,2025-06-09 02:00:08.035580,2305.09,0.0004
12,2025-06-09 02:00:08.206147,1082.44,0.0007
12,2025-06-09 02:00:08.308547,-115.44,0.000333
12,2025-06-09 02:00:08.479247,-26.52,0.000733
12,2025-06-09 02:03:05.283611,2274.87,0.000233
12,2025-06-09 02:03:05.454278,232.245,0.000634
12,2025-06-09 02:05:40.354705,1596.46,0.000167
12,2025-06-09 02:05:40.525338,301.08,0.0005
12,2025-06-09 02:05:40.696105,47.385,0.000767
12,2025-06-09 02:05:41.276372,1981.4,0.000234
12,2025-06-09 02:05:41.447005,366.795,0.000467
12,2025-06-09 02:07:40.981872,2231.58,3.4e-05
12,2025-06-09 02:11:12.335605,1008.93,0.000567
12,2025-06-09 02:11:12.506238,49.335,0.0008
12,2025-06-09 02:11:13.086405,1035.26,0.0003
12,2025-06-09 02:11:13.257072,79.365,0.000334
12,2025-06-09 03:37:17.818644,224.25,0.000133
12,2025-06-09 03:38:06.561011,81.12,0.000267
12,2025-06-09 03:38:14.377544,119.925,0.000233
12,2025-06-09 03:38:15.299177,369.135,0.000133
12,2025-06-09 03:38:55.269311,351.0,0.000134
12,2025-06-09 03:39:11.277811,189.735,0.000134
12,2025-06-09 03:40:08.690177,168.48,0.000133
12,2025-06-09 03:42:20.581277,144.69,0.000166
12,2025-06-09 03:42:35.019677,64.155,3.3e-05
12,2025-06-09 03:42:40.583477,203.385,0.000133
12,2025-06-09 03:43:59.602077,36.66,0.000266
12,2025-06-09 03:44:44.794611,72.15,0.000267
12,2025-06-09 03:47:51.469811,68.445,0.0002
12,2025-06-09 03:48:06.556844,357.24,0.000133
12,2025-06-09 03:49:14.686877,26.13,0.0003
12,2025-06-09 03:49:49.025011,40.95,0.000267
12,2025-06-09 03:50:48.621811,212.745,0.0002
12,2025-06-09 03:50:54.765811,109.59,0.0002
12,2025-06-09 03:51:47.433611,159.315,0.000134
12,2025-06-09 03:52:07.094377,363.285,0.000133
12,2025-06-09 03:52:41.944577,101.4,0.000133
12,2025-06-09 03:53:25.054877,94.77,0.0002
13,2025-06-05 15:28:50.521391,-43.875,3.3e-05
13,2025-06-06 12:18:37.158454,-27.885,3.4e-05
13,2025-06-06 13:28:08.900320,-32.955,3.3e-05
13,2025-06-06 19:52:45.739132,-27.885,3.4e-05
13,2025-06-06 20:28:10.488264,31.395,0.000567
13,2025-06-06 21:08:56.993041,-29.055,3.3e-05
13,2025-06-06 22:42:47.729101,-29.055,3.4e-05
13,2025-06-06 23:06:54.265634,-29.25,6.7e-05
13,2025-06-06 23:09:28.650701,-26.715,3.4e-05
13,2025-06-06 23:24:58.893157,-30.225,3.3e-05
13,2025-06-06 23:48:48.411507,-45.24,0.000934
13,2025-06-06 23:48:50.664307,-54.015,0.0009
13,2025-06-06 23:48:51.415240,-76.245,0.000633
13,2025-06-06 23:48:52.166173,-82.095,0.000666
13,2025-06-06 23:48:52.917107,-141.375,0.0005
13,2025-06-06 23:48:53.668040,-184.08,0.000333
13,2025-06-06 23:48:54.418973,-248.82,0.000333
13,2025-06-06 23:48:55.169907,-202.8,0.000367
13,2025-06-06 23:48:55.920840,-220.35,0.0003
13,2025-06-06 23:48:56.671773,-267.54,0.000233
13,2025-06-06 23:48:57.422707,-285.09,0.0001
13,2025-06-06 23:48:58.685673,-75.27,0.000866
13,2025-06-06 23:48:59.436673,-78.39,0.000966
13,2025-06-06 23:49:00.187507,-113.49,0.000734
13,2025-06-06 23:49:00.938440,-90.48,0.0007
13,2025-06-06 23:49:01.689373,-102.57,0.000733
13,2025-06-06 23:49:02.440307,-148.005,0.0005
13,2025-06-06 23:49:03.191240,-193.635,0.0003
13,2025-06-06 23:49:03.942173,-189.345,0.0003
13,2025-06-06 23:49:04.693107,-235.365,0.0002
13,2025-06-06 23:49:05.444040,-280.02,0.0002
13,2025-06-06 23:49:06.194973,-307.515,6.6e-05
13,2025-06-06 23:49:07.457907,-45.24,0.000967
13,2025-06-08 22:54:39.879506,199.68,0.000267
13,2025-06-08 22:54:40.050173,-53.04,0.0006
13,2025-06-08 22:54:40.801106,145.47,0.0003
13,2025-06-08 22:54:40.971906,-37.83,0.000933
13,2025-06-08 22:55:21.761106,-1449.63,3.3e-05
13,2025-06-08 22:55:21.931806,-57.135,0.0005
13,2025-06-08 22:55:22.102439,-26.52,0.000833
13,2025-06-08 22:55:36.097106,514.605,0.0002
13,2025-06-08 22:58:03.199069,149.565,0.0003
13,2025-06-08 22:58:03.369869,-37.44,0.000767
13,2025-06-08 23:04:54.281967,112.32,0.0003
13,2025-06-08 23:11:33.431358,579.735,0.0002
13,2025-06-08 23:11:33.602025,-44.265,0.0006
13,2025-06-08 23:11:33.772692,-27.69,0.000934
13,2025-06-08 23:12:41.117758,224.835,0.000266
13,2025-06-08 23:12:41.288492,-40.17,0.0007
13,2025-06-08 23:12:42.039425,670.605,0.000167
13,2025-06-08 23:13:04.840425,658.905,0.000167
13,2025-06-08 23:13:05.181758,-27.495,0.0009
13,2025-06-08 23:14:20.923758,-27.105,0.000966
13,2025-06-08 23:14:21.503892,-1336.92,3.4e-05
13,2025-06-08 23:14:21.674692,-55.965,0.000534
13,2025-06-08 23:14:35.942425,-38.805,0.0008
13,2025-06-08 23:19:06.714082,633.555,0.000166
13,2025-06-08 23:19:07.806382,-58.11,0.0005
13,2025-06-08 23:19:07.976916,-33.54,0.0007
13,2025-06-08 23:19:40.130516,634.335,0.000167
13,2025-06-08 23:19:40.301182,-52.455,0.000566
13,2025-06-08 23:22:50.867749,-39.0,0.0007
13,2025-06-08 23:22:51.618516,230.88,0.000267
13,2025-06-08 23:22:51.789249,-39.78,0.000767
13,2025-06-08 23:22:52.540182,-62.79,0.000533
13,2025-06-08 23:22:52.710782,-44.655,0.000766
13,2025-06-08 23:23:32.783316,-873.795,6.7e-05
13,2025-06-08 23:23:32.954049,-49.335,0.0006
13,2025-06-08 23:23:33.124649,-32.37,0.000833
13,2025-06-08 23:23:33.704916,623.61,0.000167
13,2025-06-08 23:24:32.107149,621.075,0.000167
13,2025-06-08 23:24:32.448416,-32.76,0.000867
13,2025-06-08 23:41:56.146877,-51.285,0.000533
13,2025-06-08 23:41:56.317411,-32.37,0.000734
13,2025-06-08 23:41:56.897744,643.305,0.000167
13,2025-06-08 23:41:57.068344,-55.77,0.0005
13,2025-06-08 23:43:48.309144,-33.54,0.000967
13,2025-06-08 23:43:49.059844,-46.215,0.0006
13,2025-06-08 23:43:49.230477,-27.885,0.0008
13,2025-06-09 00:21:28.940737,-46.02,0.0006
13,2025-06-09 01:59:35.745380,-57.915,0.000533
13,2025-06-09 02:00:08.035480,58.89,0.000333
13,2025-06-09 02:00:08.206147,-40.17,0.000733
13,2025-06-09 02:03:05.454278,126.75,0.000367
13,2025-06-09 02:05:40.525338,429.585,0.000233
13,2025-06-09 02:05:41.446972,564.33,0.000167
13,2025-06-09 02:11:12.335505,498.42,0.0002
13,2025-06-09 02:11:12.506438,-27.105,0.000966
13,2025-06-09 02:11:13.086405,-1659.45,3.3e-05
13,2025-06-09 02:11:13.257072,218.595,0.0003
13,2025-06-09 03:37:17.818644,226.785,0.000133
13,2025-06-09 03:38:06.561011,78.0,0.000267
13,2025-06-09 03:38:14.377544,140.205,0.000233
13,2025-06-09 03:38:15.299177,357.435,0.000133
13,2025-06-09 03:38:55.269311,348.27,0.000167
13,2025-06-09 03:39:11.277811,189.54,0.000134
13,2025-06-09 03:40:08.690177,176.085,0.000133
13,2025-06-09 03:42:20.581277,155.025,0.000166
13,2025-06-09 03:42:35.019677,72.93,3.3e-05
13,2025-06-09 03:42:40.583477,200.85,0.000133
13,2025-06-09 03:43:59.602077,41.73,0.000266
13,2025-06-09 03:44:44.794611,83.655,0.000267
13,2025-06-09 03:47:51.469811,80.145,0.0002
13,2025-06-09 03:48:06.556844,344.175,0.000133
13,2025-06-09 03:49:49.025011,49.335,0.000267
13,2025-06-09 03:50:48.621811,228.93,0.0002
13,2025-06-09 03:50:54.765811,114.855,0.0002
13,2025-06-09 03:51:47.433611,153.27,0.000134
13,2025-06-09 03:52:07.094377,357.045,0.000133
13,2025-06-09 03:52:41.944577,103.545,0.000133
13,2025-06-09 03:53:25.054877,97.11,0.0002
14,2025-06-06 17:36:02.062464,-94.185,0.000133
14,2025-06-06 23:48:45.407773,-58.305,0.000966
14,2025-06-06 23:48:50.664307,-57.72,0.000834
14,2025-06-06 23:48:51.415240,-99.255,0.000733
14,2025-06-06 23:48:52.166173,-138.45,0.000666
14,2025-06-06 23:48:52.917107,-182.91,0.000534
14,2025-06-06 23:48:53.668040,-295.23,0.000433
14,2025-06-06 23:48:54.418973,-404.04,0.000333
14,2025-06-06 23:48:55.169907,-351.195,0.0004
14,2025-06-06 23:48:55.920840,-362.115,0.000333
14,2025-06-06 23:48:56.671773,-414.765,0.0003
14,2025-06-06 23:48:57.422707,-482.82,0.0002
14,2025-06-06 23:48:58.173640,-499.98,6.7e-05
14,2025-06-06 23:49:03.191240,-67.47,0.000833
14,2025-06-06 23:49:03.942173,-45.435,0.000866
14,2025-06-06 23:49:04.693107,-99.645,0.000734
14,2025-06-06 23:49:05.444040,-117.195,0.000667
14,2025-06-06 23:49:06.194973,-157.365,0.0006
14,2025-06-06 23:49:06.945907,-319.215,0.0004
14,2025-06-06 23:49:09.540040,-63.96,3.3e-05
14,2025-06-06 23:49:10.768840,-39.39,0.000133
14,2025-06-08 22:54:39.879506,-283.335,0.0002
14,2025-06-08 22:54:40.050173,-73.905,0.000534
14,2025-06-08 22:54:40.801106,-261.69,0.000233
14,2025-06-08 22:54:40.971773,-36.855,0.000734
14,2025-06-08 22:55:21.931806,-121.095,0.000433
14,2025-06-08 22:55:22.102539,-33.735,0.000866
14,2025-06-08 22:55:36.097173,-250.965,0.000534
14,2025-06-08 22:58:03.199069,-261.495,0.000234
14,2025-06-08 22:58:03.369869,-51.285,0.0007
14,2025-06-08 23:04:53.531034,-175.5,0.000634
14,2025-06-08 23:04:53.633434,-46.215,3.4e-05
14,2025-06-08 23:04:54.281967,-78.0,0.0003
14,2025-06-08 23:04:54.452634,31.005,0.000634
14,2025-06-08 23:11:33.260858,1018.48,0.000333
14,2025-06-08 23:11:33.431425,-273.0,0.0002
14,2025-06-08 23:11:33.602025,-71.76,0.000533
14,2025-06-08 23:12:41.117758,-200.46,0.000533
14,2025-06-08 23:12:41.288492,-46.995,0.000634
14,2025-06-08 23:12:42.039358,930.15,3.3e-05
14,2025-06-08 23:13:04.840525,-285.48,0.0002
14,2025-06-08 23:13:05.181825,-34.905,0.0009
14,2025-06-08 23:14:21.674558,-143.325,0.000333
14,2025-06-08 23:14:35.942292,-48.945,0.0006
14,2025-06-08 23:19:07.055316,-31.98,0.000867
14,2025-06-08 23:19:07.806249,-165.75,0.0003
14,2025-06-08 23:19:07.976916,-47.19,0.000634
14,2025-06-08 23:19:40.130616,-276.315,0.0002
14,2025-06-08 23:19:40.301182,-75.075,0.0005
14,2025-06-08 23:19:40.471882,-35.1,0.0009
14,2025-06-08 23:22:50.867582,-86.385,0.0008
14,2025-06-08 23:22:51.618516,-288.6,0.0002
14,2025-06-08 23:22:51.789216,-52.65,0.000667
14,2025-06-08 23:22:52.540116,-118.56,0.0004
14,2025-06-08 23:22:52.710782,-49.335,0.0007
14,2025-06-08 23:23:32.783316,978.315,0.000334
14,2025-06-08 23:23:32.953982,-78.78,0.000466
14,2025-06-08 23:23:33.124649,-26.91,0.000767
14,2025-06-08 23:23:33.705016,-282.165,0.0002
14,2025-06-08 23:24:32.448382,-31.785,0.000766
14,2025-06-08 23:41:56.146744,-134.94,0.000333
14,2025-06-08 23:41:56.317411,-44.85,0.000667
14,2025-06-08 23:41:56.897677,894.66,3.3e-05
14,2025-06-08 23:41:57.068344,-105.3,0.000433
14,2025-06-08 23:43:49.059811,-77.025,0.0005
14,2025-06-08 23:43:49.230677,-27.885,0.000933
14,2025-06-09 00:21:28.940737,-69.615,0.000533
14,2025-06-09 01:59:35.745347,-119.34,0.000433
14,2025-06-09 02:00:08.035480,-207.675,0.000266
14,2025-06-09 02:00:08.206247,-45.435,0.000767
14,2025-06-09 02:03:05.283711,1167.27,0.000367
14,2025-06-09 02:03:05.454278,-141.96,0.000667
14,2025-06-09 02:05:40.354672,1342.57,0.000167
14,2025-06-09 02:05:40.525405,-187.785,0.0006
14,2025-06-09 02:05:41.276272,1334.78,0.000167
14,2025-06-09 02:05:41.446938,530.985,0.000433
14,2025-06-09 02:07:40.981938,1150.11,0.000366
14,2025-06-09 02:11:12.335472,201.045,0.000467
14,2025-06-09 02:11:13.086438,1170.97,0.000366
14,2025-06-09 02:11:13.257072,-200.85,0.0006
14,2025-06-09 03:37:17.818644,283.53,0.000133
14,2025-06-09 03:38:06.561011,68.835,0.000267
14,2025-06-09 03:38:14.377544,110.565,0.000233
14,2025-06-09 03:38:15.299177,446.16,0.000133
14,2025-06-09 03:38:55.269277,429.195,0.000133
14,2025-06-09 03:40:08.690177,213.72,0.000133
14,2025-06-09 03:42:20.581277,156.975,0.000166
14,2025-06-09 03:42:35.019677,47.19,3.3e-05
14,2025-06-09 03:42:40.583477,244.14,0.000133
14,2025-06-09 03:43:59.602077,35.49,0.000266
14,2025-06-09 03:44:44.794611,58.11,0.000267
14,2025-06-09 03:47:51.469811,60.645,0.0002
14,2025-06-09 03:48:06.556844,447.915,0.000133
14,2025-06-09 03:49:49.025011,31.785,0.000267
14,2025-06-09 03:50:48.621811,203.97,0.0002
14,2025-06-09 03:50:54.765811,109.2,0.0002
14,2025-06-09 03:51:47.433611,199.485,0.000134
14,2025-06-09 03:52:07.094377,450.84,0.000133
14,2025-06-09 03:52:41.944577,129.48,0.000166
14,2025-06-09 03:53:25.054877,84.825,0.0002
14,2025-06-09 21:51:48.287692,26.13,0.0003
15,2025-06-05 14:09:54.778696,-35.295,0.000867
15,2025-06-05 14:13:08.033484,-32.76,3.3e-05
15,2025-06-05 14:30:24.107991,-46.8,0.000733
15,2025-06-05 14:30:38.237658,32.76,0.000467
15,2025-06-05 15:03:33.874658,-37.635,6.7e-05
15,2025-06-05 15:09:17.733958,28.665,0.000934
15,2025-06-05 15:22:11.775724,34.905,0.000333
15,2025-06-05 15:55:32.251289,-39.0,3.3e-05
15,2025-06-05 16:03:06.190489,-36.075,6.7e-05
15,2025-06-05 17:37:50.811192,-34.32,3.4e-05
15,2025-06-05 17:49:03.376117,-41.34,3.3e-05
15,2025-06-05 18:06:21.513684,-35.1,3.3e-05
15,2025-06-05 18:48:32.748413,-38.805,3.4e-05
15,2025-06-05 19:00:30.470046,-32.76,6.7e-05
15,2025-06-05 21:49:10.900946,-33.93,3.3e-05
15,2025-06-05 22:04:21.646546,-31.395,3.3e-05
15,2025-06-05 23:18:58.881846,34.905,0.0007
15,2025-06-06 01:02:54.028276,-33.735,3.3e-05
15,2025-06-06 01:54:12.132224,-32.37,0.000366
15,2025-06-06 01:57:47.138424,-33.735,0.000966
15,2025-06-06 02:33:44.357421,-31.395,3.4e-05
15,2025-06-06 02:46:59.097754,31.785,0.000267
15,2025-06-06 03:45:47.050720,-34.125,3.3e-05
15,2025-06-06 03:50:18.206054,-31.59,0.000434
15,2025-06-06 04:56:25.352587,-29.835,3.3e-05
15,2025-06-06 06:04:03.498854,31.395,0.0003
15,2025-06-06 07:17:55.712054,-29.445,3.4e-05
15,2025-06-06 07:28:27.895520,-31.005,3.3e-05
15,2025-06-06 07:39:46.397920,-39.975,3.3e-05
15,2025-06-06 08:50:46.443487,29.64,0.000833
15,2025-06-06 08:52:09.318520,31.005,0.000233
15,2025-06-06 09:08:50.995454,30.225,0.000434
15,2025-06-06 09:57:56.840520,48.945,0.000866
15,2025-06-06 10:21:04.665654,40.365,3.4e-05
15,2025-06-06 11:15:21.122220,29.25,0.0003
15,2025-06-06 11:19:44.699820,28.275,0.0003
15,2025-06-06 11:28:38.374454,-34.125,3.4e-05
15,2025-06-06 11:44:38.067254,31.2,0.000234
15,2025-06-06 11:50:22.472587,-38.415,3.3e-05
15,2025-06-06 11:59:28.606020,27.69,0.000333
15,2025-06-06 12:31:41.644987,31.2,0.000367
15,2025-06-06 12:32:38.613387,30.225,0.000333
15,2025-06-06 13:06:40.605920,-28.665,3.3e-05
15,2025-06-06 13:29:17.781954,32.37,0.0007
15,2025-06-06 13:40:37.273654,38.025,0.000234
15,2025-06-06 13:44:05.316487,28.08,0.0003
15,2025-06-06 13:44:05.522054,-35.1,0.000967
15,2025-06-06 13:44:05.623520,-37.83,3.3e-05
15,2025-06-06 14:21:53.578720,38.22,0.000666
15,2025-06-06 14:21:53.886220,26.91,0.000433
15,2025-06-06 14:44:44.509987,-26.91,0.0006
15,2025-06-06 14:57:44.456587,-29.25,3.3e-05
15,2025-06-06 15:00:33.416854,30.42,0.000334
15,2025-06-06 15:00:40.687154,38.22,0.000267
15,2025-06-06 15:06:41.988754,-30.42,0.000834
15,2025-06-06 15:28:42.572987,-27.885,0.0006
15,2025-06-06 15:28:42.811854,28.275,0.0007
15,2025-06-06 15:45:57.222487,29.25,0.000333
15,2025-06-06 15:49:01.474287,35.295,0.000433
15,2025-06-06 15:54:24.307254,-25.74,3.4e-05
15,2025-06-06 15:57:29.685587,26.13,0.0003
15,2025-06-06 15:59:24.885620,38.805,0.000566
15,2025-06-06 16:09:51.096020,30.81,0.000566
15,2025-06-06 16:21:05.638520,27.3,0.000366
15,2025-06-06 16:32:27.827454,36.66,0.0003
15,2025-06-06 16:35:02.246454,25.935,3.4e-05
15,2025-06-06 16:35:02.724654,26.715,0.0007
15,2025-06-06 16:36:50.005387,-29.64,3.3e-05
15,2025-06-06 16:40:34.056687,-29.25,0.000967
15,2025-06-06 16:44:27.357954,29.25,0.0003
15,2025-06-06 16:44:48.793654,-27.69,3.4e-05
15,2025-06-06 16:45:47.162020,-31.395,0.000566
15,2025-06-06 16:50:47.092920,-41.145,0.0002
15,2025-06-06 16:56:09.446454,-27.69,3.4e-05
15,2025-06-06 16:56:30.677387,-29.055,0.000833
15,2025-06-06 16:57:07.917020,36.465,0.0005
15,2025-06-06 17:05:14.453520,26.715,0.000433
15,2025-06-06 17:07:18.903520,-34.125,3.3e-05
15,2025-06-06 17:13:45.941387,-27.885,3.3e-05
15,2025-06-06 17:23:18.732854,32.37,0.000367
15,2025-06-06 17:27:05.446587,31.2,0.000433
15,2025-06-06 17:29:48.876854,27.105,3.4e-05
15,2025-06-06 17:35:31.423067,31.395,3.4e-05
15,2025-06-06 17:36:02.062564,179.985,0.0003
15,2025-06-06 17:37:39.243132,-89.895,0.000934
15,2025-06-06 17:56:46.805832,35.1,0.0007
15,2025-06-06 18:08:58.351765,38.025,0.000433
15,2025-06-06 18:08:58.453798,-33.735,0.0006
15,2025-06-06 18:09:49.687932,-31.005,3.4e-05
15,2025-06-06 18:09:49.892998,31.005,0.000333
15,2025-06-06 18:16:14.097532,27.495,0.000534
15,2025-06-06 18:24:34.048732,27.3,0.000567
15,2025-06-06 18:27:06.590598,32.76,0.000866
15,2025-06-06 18:30:16.406465,-38.61,0.0005
15,2025-06-06 18:30:16.440165,-39.975,0.0006
15,2025-06-06 18:30:16.610598,26.715,6.6e-05
15,2025-06-06 18:34:43.703932,-30.225,3.4e-05
15,2025-06-06 18:46:18.112698,26.715,0.000333
15,2025-06-06 18:46:18.317465,31.395,0.000267
15,2025-06-06 18:46:18.352898,-37.44,0.0003
15,2025-06-06 18:46:18.624465,31.2,3.3e-05
15,2025-06-06 18:49:19.940732,-31.005,3.4e-05
15,2025-06-06 18:51:18.110332,28.08,3.4e-05
15,2025-06-06 19:00:10.317265,-31.785,3.3e-05
15,2025-06-06 19:05:09.325265,-26.325,3.3e-05
15,2025-06-06 19:05:24.821898,-34.905,0.000566
15,2025-06-06 19:16:14.619365,39.195,0.000567
15,2025-06-06 19:20:38.504265,-42.9,0.000633
15,2025-06-06 19:39:56.134865,-26.52,3.3e-05
15,2025-06-06 19:43:11.207332,-38.61,0.000534
15,2025-06-06 19:43:11.275732,33.735,0.0009
15,2025-06-06 20:08:20.241565,28.08,0.000367
15,2025-06-06 20:13:05.719452,27.69,0.0005
15,2025-06-06 20:13:05.992219,28.08,0.000567
15,2025-06-06 20:16:07.979078,-27.885,3.3e-05
15,2025-06-06 20:28:20.830297,-29.64,6.6e-05
15,2025-06-06 20:31:39.213397,-30.03,0.000566
15,2025-06-06 20:35:18.588464,27.495,0.000467
15,2025-06-06 20:35:18.623431,-50.115,0.0008
15,2025-06-06 20:39:59.266931,34.32,0.0004
15,2025-06-06 20:41:24.600031,30.225,0.000234
15,2025-06-06 20:46:46.886831,-26.91,3.4e-05
15,2025-06-06 20:56:00.413997,35.49,0.000333
15,2025-06-06 20:58:25.277797,-48.555,0.000767
15,2025-06-06 21:03:56.653841,-32.37,6.6e-05
15,2025-06-06 21:05:24.888508,30.225,0.0001
15,2025-06-06 21:21:20.587741,32.955,6.6e-05
15,2025-06-06 21:21:20.792541,-31.395,0.0007
15,2025-06-06 21:30:47.078424,42.315,0.000734
15,2025-06-06 21:33:25.423357,-27.69,0.000633
15,2025-06-06 21:34:20.309390,-27.3,0.000566
15,2025-06-06 21:34:27.818690,27.3,0.000266
15,2025-06-06 21:42:48.793790,-27.885,0.000666
15,2025-06-06 21:43:17.397290,28.86,0.000366
15,2025-06-06 21:45:45.249305,25.935,3.3e-05
15,2025-06-06 21:48:39.008303,-30.81,3.4e-05
15,2025-06-06 22:02:58.600734,-29.835,0.000367
15,2025-06-06 22:02:58.737267,36.075,0.0007
15,2025-06-06 22:04:50.045901,-27.69,3.4e-05
15,2025-06-06 22:05:52.202701,-39.585,3.4e-05
15,2025-06-06 22:08:02.353101,-30.03,0.000767
15,2025-06-06 22:15:21.582501,36.66,0.000834
15,2025-06-06 22:17:05.107267,33.735,0.000333
15,2025-06-06 22:25:26.868134,28.665,0.000967
15,2025-06-06 22:45:07.709967,29.055,0.000333
15,2025-06-06 23:05:21.559501,27.885,0.000634
15,2025-06-06 23:10:10.783532,-34.32,0.0005
15,2025-06-06 23:14:28.565598,39.585,0.000267
15,2025-06-06 23:19:41.009424,-30.615,3.3e-05
15,2025-06-06 23:22:14.643691,31.2,0.000267
15,2025-06-06 23:24:20.493157,29.64,0.0003
15,2025-06-06 23:28:09.766824,39.39,0.0007
15,2025-06-06 23:28:09.835057,38.805,0.000333
15,2025-06-06 23:48:43.667040,-35.295,0.000133
15,2025-06-06 23:48:51.415273,-38.61,0.000733
15,2025-06-06 23:48:51.449373,-48.945,0.0007
15,2025-06-06 23:48:52.200307,-42.51,0.000467
15,2025-06-06 23:48:52.917473,-36.465,0.0009
15,2025-06-06 23:48:52.951240,-78.39,0.000333
15,2025-06-06 23:48:53.668040,-49.725,0.000433
15,2025-06-06 23:48:53.702173,-87.75,0.000366
15,2025-06-06 23:48:54.419040,-66.105,0.0004
15,2025-06-06 23:48:54.453273,-81.9,0.000466
15,2025-06-06 23:48:55.920840,-54.99,0.000367
15,2025-06-06 23:48:55.954973,-106.665,0.0001
15,2025-06-06 23:48:56.671840,-52.455,0.000367
15,2025-06-06 23:48:56.706073,-106.86,0.000266
15,2025-06-06 23:48:57.422707,-67.86,0.0002
15,2025-06-06 23:48:58.173640,-79.365,0.0001
15,2025-06-06 23:49:03.191373,-46.41,0.0009
15,2025-06-06 23:49:03.703273,-49.335,0.000133
15,2025-06-06 23:49:03.942173,-50.115,0.000733
15,2025-06-06 23:49:05.444040,-56.16,0.000967
15,2025-06-06 23:49:06.194973,-65.91,0.000866
15,2025-06-06 23:49:06.945907,-86.58,0.000334
15,2025-06-06 23:54:52.798859,-38.805,0.000567
15,2025-06-06 23:54:54.300726,-36.075,0.000934
15,2025-06-06 23:54:55.802759,-45.24,0.000967
15,2025-06-06 23:54:57.304126,-42.12,0.000434
15,2025-06-06 23:54:58.805992,-42.315,0.000266
15,2025-06-06 23:55:00.308026,-48.555,0.000267
15,2025-06-06 23:58:42.464542,-58.695,0.000367
15,2025-06-06 23:59:18.065609,-60.06,0.0003
15,2025-06-07 00:05:02.584472,-31.98,0.0008
15,2025-06-07 00:05:04.086606,-29.64,0.000867
15,2025-06-07 00:05:05.588672,-43.485,0.000766
15,2025-06-07 00:05:07.090272,-35.88,0.0008
15,2025-06-07 00:05:08.592139,-33.54,0.0008
15,2025-06-07 00:05:10.094239,-33.93,0.000867
15,2025-06-07 00:05:11.595639,-34.905,0.000367
15,2025-06-07 00:05:13.097506,-41.535,0.000234
15,2025-06-07 00:05:14.599372,-44.85,0.0003
15,2025-06-07 00:05:16.101239,-49.53,0.0002
15,2025-06-07 00:05:17.603106,-50.31,0.000134
15,2025-06-07 00:05:19.105106,-52.26,0.000267
15,2025-06-07 00:05:20.606839,-36.27,0.0002
15,2025-06-07 00:05:22.108772,-54.405,0.000166
15,2025-06-07 00:05:23.610572,-46.41,0.000166
15,2025-06-07 00:05:25.112439,-48.36,0.000133
15,2025-06-07 00:06:39.318306,35.49,3.4e-05
15,2025-06-07 00:07:21.575506,30.81,0.0002
15,2025-06-07 00:14:53.305570,33.93,0.0003
15,2025-06-07 00:16:01.026103,30.03,6.6e-05
15,2025-06-07 00:20:51.705837,-30.225,0.000934
15,2025-06-07 00:31:22.831203,-28.47,0.000733
15,2025-06-07 00:31:41.706637,-31.2,3.4e-05
15,2025-06-07 00:35:45.589303,-29.25,6.6e-05
15,2025-06-07 00:45:55.415537,30.81,0.000334
15,2025-06-07 00:49:22.775537,39.78,0.0003
15,2025-06-07 00:49:23.492270,32.565,0.000233
15,2025-06-07 00:50:01.311970,-35.685,3.3e-05
15,2025-06-07 00:50:48.211170,29.055,6.7e-05
15,2025-06-07 00:54:44.448403,42.315,0.0006
15,2025-06-07 01:01:49.392211,29.835,0.000334
15,2025-06-07 01:07:50.481648,-30.225,0.000333
15,2025-06-07 01:08:17.004381,-34.905,0.000766
15,2025-06-07 01:08:27.140748,28.86,6.7e-05
15,2025-06-07 01:08:36.561548,-27.3,3.3e-05
15,2025-06-07 01:09:25.918581,31.59,0.0003
15,2025-06-07 01:09:56.706615,43.485,0.0003
15,2025-06-07 01:10:35.925848,28.08,0.000467
15,2025-06-07 01:11:21.118481,26.325,0.000266
15,2025-06-07 01:20:44.142581,29.64,3.3e-05
15,2025-06-07 01:21:50.258915,34.905,0.000267
15,2025-06-07 01:22:27.259615,45.24,6.7e-05
15,2025-06-07 01:24:17.919681,-2226.12,0.0002
15,2025-06-07 01:37:39.415960,42.315,0.000267
15,2025-06-07 01:38:10.818493,-28.665,3.3e-05
15,2025-06-07 01:39:27.857427,28.86,0.000267
15,2025-06-07 01:43:22.217027,28.665,0.000267
15,2025-06-07 01:46:40.087827,34.515,0.0003
15,2025-06-07 01:53:27.605693,-40.755,3.3e-05
15,2025-06-07 02:01:52.301160,28.665,0.0003
15,2025-06-07 02:04:12.657460,30.42,0.000267
15,2025-06-07 02:04:39.520560,28.08,0.000333
15,2025-06-07 02:14:41.768993,30.03,0.000233
15,2025-06-07 02:22:34.276727,31.2,0.000334
15,2025-06-07 02:26:10.545560,38.805,0.0003
15,2025-06-07 02:39:48.687560,31.005,0.000367
15,2025-06-07 02:48:53.045693,-37.83,3.3e-05
15,2025-06-07 02:53:53.385060,34.71,0.000333
15,2025-06-07 02:55:43.874593,31.395,0.000266
15,2025-06-07 04:05:54.494493,39.0,0.0009
15,2025-06-07 04:23:19.588627,38.805,0.000267
15,2025-06-07 04:46:27.211160,-40.95,0.0003
15,2025-06-07 05:09:47.053160,-39.585,6.7e-05
15,2025-06-07 05:14:13.600593,35.1,0.000333
15,2025-06-07 05:17:11.367027,34.71,0.000334
15,2025-06-07 05:20:32.924093,-35.88,3.3e-05
15,2025-06-07 05:22:19.113060,36.66,0.000333
15,2025-06-07 05:53:09.822227,-43.875,3.4e-05
15,2025-06-07 05:56:30.969960,40.365,0.000233
15,2025-06-07 07:59:12.164660,38.22,0.000267
15,2025-06-07 08:10:12.166760,-38.415,3.3e-05
15,2025-06-07 08:12:12.862227,-43.68,3.4e-05
15,2025-06-07 09:37:16.819560,-43.68,3.3e-05
15,2025-06-07 09:58:38.423927,40.365,0.000334
15,2025-06-07 10:36:18.289427,-38.805,6.7e-05
15,2025-06-07 11:04:17.342260,38.805,0.000367
15,2025-06-07 11:25:10.635518,40.17,0.000367
15,2025-06-07 11:53:44.527332,-38.805,3.3e-05
15,2025-06-07 12:17:36.069951,31.005,0.0003
15,2025-06-07 12:17:54.433651,31.98,0.0004
15,2025-06-07 12:18:04.195785,32.37,0.0004
15,2025-06-07 12:24:24.884685,31.395,0.000367
15,2025-06-07 12:30:33.217785,30.03,0.000367
15,2025-06-07 12:34:46.282051,31.98,0.000266
15,2025-06-07 12:53:41.044751,36.465,0.0003
15,2025-06-07 12:57:49.637918,33.54,0.000467
15,2025-06-07 13:00:24.569118,39.78,0.000333
15,2025-06-07 13:43:54.471985,41.535,0.000267
15,2025-06-07 14:04:46.209485,-40.755,3.4e-05
15,2025-06-07 14:16:11.811618,-39.78,3.3e-05
15,2025-06-07 14:44:36.771885,37.635,0.0003
15,2025-06-07 14:51:25.450051,40.17,0.0003
15,2025-06-07 14:53:25.223885,-38.805,3.4e-05
15,2025-06-07 15:23:32.037985,38.025,0.000367
15,2025-06-07 15:27:52.918851,37.83,0.000333
15,2025-06-07 15:30:02.284385,39.39,0.0003
15,2025-06-07 15:31:31.713485,40.95,0.000267
15,2025-06-07 17:24:59.873559,34.125,0.000333
15,2025-06-07 17:26:03.839493,31.2,0.000334
15,2025-06-07 17:36:55.308359,30.615,0.000366
15,2025-06-07 17:42:13.840593,33.345,0.0003
15,2025-06-07 17:44:35.221026,35.88,0.000333
15,2025-06-07 17:53:08.517793,-35.1,3.4e-05
15,2025-06-07 18:44:16.627042,42.315,0.000367
15,2025-06-07 18:46:45.721442,-37.44,3.4e-05
15,2025-06-07 18:48:29.725708,-34.905,3.3e-05
15,2025-06-07 18:48:55.701275,32.955,0.0003
15,2025-06-07 18:51:33.001610,33.93,0.0004
15,2025-06-07 18:53:09.667610,-27.69,0.000534
15,2025-06-07 19:00:38.657076,-32.37,3.3e-05
15,2025-06-07 19:03:18.879143,28.665,0.000333
15,2025-06-07 19:13:03.821876,37.83,0.000333
15,2025-06-07 19:20:56.147283,29.055,0.000367
15,2025-06-07 19:22:02.229683,30.225,0.0004
15,2025-06-07 19:23:15.786950,30.42,0.000334
15,2025-06-07 19:25:31.227916,35.1,0.000433
15,2025-06-07 19:36:17.620845,27.495,0.000333
15,2025-06-07 19:38:22.548879,28.665,0.000267
15,2025-06-07 19:48:41.863945,28.665,0.000433
15,2025-06-07 19:50:21.260412,28.47,0.0004
15,2025-06-07 19:52:01.509979,30.615,0.000367
15,2025-06-07 19:53:52.306712,27.495,0.000367
15,2025-06-07 20:03:17.520645,29.055,0.0003
15,2025-06-07 20:03:42.233012,27.69,0.0003
15,2025-06-07 20:04:20.291679,27.495,0.000434
15,2025-06-07 20:12:35.293479,30.81,0.000367
15,2025-06-07 20:15:30.977545,-30.42,3.3e-05
15,2025-06-07 20:16:30.471945,-32.37,3.3e-05
15,2025-06-07 20:16:50.781279,-32.175,3.4e-05
15,2025-06-07 20:18:44.718745,30.225,0.000433
15,2025-06-07 20:20:39.986845,28.08,0.000333
15,2025-06-07 20:21:17.055412,-28.47,3.3e-05
15,2025-06-07 20:24:49.774345,-36.27,3.3e-05
15,2025-06-07 20:25:41.247612,32.175,0.000233
15,2025-06-07 20:34:37.891679,33.735,0.000367
15,2025-06-07 20:35:31.754279,30.03,0.000334
15,2025-06-07 20:38:33.787145,-33.735,3.3e-05
15,2025-06-07 20:42:42.209545,-31.98,6.6e-05
15,2025-06-07 21:16:53.554845,39.0,0.0004
15,2025-06-07 21:39:57.866079,-43.485,3.4e-05
15,2025-06-07 21:53:38.397312,-39.0,6.7e-05
15,2025-06-07 21:55:45.441579,39.585,0.0004
15,2025-06-07 21:55:50.937012,-49.14,3.3e-05
15,2025-06-07 22:03:17.251131,-36.855,3.3e-05
15,2025-06-07 22:07:01.848498,29.445,0.000334
15,2025-06-07 22:08:48.174098,40.95,0.000367
15,2025-06-08 07:35:29.101831,27.885,0.0002
15,2025-06-08 07:40:29.884665,-36.66,3.4e-05
15,2025-06-08 07:45:15.683065,-33.345,3.4e-05
15,2025-06-08 07:47:11.599865,-30.225,3.4e-05
15,2025-06-08 07:52:05.590265,-31.59,3.4e-05
15,2025-06-08 08:17:02.405298,31.395,0.000233
15,2025-06-08 08:23:38.078965,28.665,0.000434
15,2025-06-08 08:35:13.818731,29.25,0.000333
15,2025-06-08 08:47:04.030831,29.445,0.000266
15,2025-06-08 08:53:57.999965,27.105,0.0003
15,2025-06-08 08:54:49.575331,-30.03,6.6e-05
15,2025-06-08 08:56:50.680398,-30.81,3.3e-05
15,2025-06-08 09:06:11.661731,-30.42,3.3e-05
15,2025-06-08 09:14:25.980665,-28.47,3.4e-05
15,2025-06-08 09:18:42.697665,30.81,0.0004
15,2025-06-08 09:38:20.160931,-32.565,3.3e-05
15,2025-06-08 09:43:05.618098,29.445,0.000467
15,2025-06-08 09:43:12.752065,29.055,0.000267
15,2025-06-08 09:56:28.229231,28.08,0.000366
15,2025-06-08 09:57:02.464931,-29.445,3.3e-05
15,2025-06-08 10:08:16.325198,-29.835,3.3e-05
15,2025-06-08 10:10:56.888465,28.86,0.0003
15,2025-06-08 10:12:28.570531,-29.445,3.3e-05
15,2025-06-08 10:30:03.734265,-28.47,3.4e-05
15,2025-06-08 10:38:13.001465,28.08,0.000534
15,2025-06-08 10:39:16.489465,-32.175,3.4e-05
15,2025-06-08 10:46:00.525731,-30.81,3.3e-05
15,2025-06-08 11:00:14.849265,27.885,0.000434
15,2025-06-08 11:14:48.935331,-28.47,3.3e-05
15,2025-06-08 11:30:35.350265,-37.635,3.4e-05
15,2025-06-08 11:37:33.824931,-28.47,3.3e-05
15,2025-06-08 11:38:30.588665,-32.76,3.4e-05
15,2025-06-08 12:04:52.907598,-27.69,6.7e-05
15,2025-06-08 12:30:23.787598,-32.175,3.3e-05
15,2025-06-08 12:31:18.332665,28.275,0.000334
15,2025-06-08 12:33:36.231331,-32.565,3.3e-05
15,2025-06-08 12:39:20.466065,28.275,0.000334
15,2025-06-08 13:11:04.832931,-31.98,3.3e-05
15,2025-06-08 13:32:39.134931,28.275,0.000333
15,2025-06-08 13:55:07.742798,-27.885,3.3e-05
15,2025-06-08 14:01:15.904931,-29.835,3.3e-05
15,2025-06-08 14:09:52.717731,-27.69,3.3e-05
15,2025-06-08 14:17:31.947598,-36.66,3.3e-05
15,2025-06-08 14:28:48.094798,-31.59,3.3e-05
15,2025-06-08 14:35:04.073465,-30.225,3.4e-05
15,2025-06-08 14:37:54.432931,-33.93,3.3e-05
15,2025-06-08 14:39:32.327331,-29.055,3.3e-05
15,2025-06-08 14:43:45.972131,-28.665,3.3e-05
15,2025-06-08 14:47:57.978531,-30.42,3.3e-05
15,2025-06-08 14:53:30.164131,-28.275,3.3e-05
15,2025-06-08 15:01:34.038498,27.3,0.000433
15,2025-06-08 15:06:13.521998,-38.61,3.3e-05
15,2025-06-08 15:09:54.876665,-30.03,3.4e-05
15,2025-06-08 15:13:36.163431,28.275,0.0005
15,2025-06-08 15:36:22.076665,-35.88,6.7e-05
15,2025-06-08 15:42:47.680998,27.105,0.0004
15,2025-06-08 15:45:22.065998,-27.105,3.3e-05
15,2025-06-08 15:55:07.759865,-30.615,3.4e-05
15,2025-06-08 16:11:41.313031,28.665,0.0003
15,2025-06-08 16:17:33.227931,32.37,0.0004
15,2025-06-08 16:46:09.759210,-41.925,3.3e-05
15,2025-06-08 16:59:49.317922,-33.345,3.3e-05
15,2025-06-08 17:24:36.422335,-37.44,3.4e-05
15,2025-06-08 17:27:12.855401,-30.42,3.3e-05
15,2025-06-08 17:45:40.516201,-36.66,3.3e-05
15,2025-06-08 17:56:21.062401,31.98,0.000266
15,2025-06-08 18:07:13.514294,-31.98,3.3e-05
15,2025-06-08 19:09:28.598108,-33.345,3.4e-05
15,2025-06-08 19:17:01.302376,-29.445,3.3e-05
15,2025-06-08 19:52:10.893204,-27.885,0.000633
15,2025-06-08 20:21:20.226237,-34.905,3.3e-05
15,2025-06-08 20:21:46.236037,26.52,0.000266
15,2025-06-08 20:29:31.050520,-26.91,3.3e-05
15,2025-06-08 20:31:26.923976,-28.86,3.3e-05
15,2025-06-08 20:54:50.121445,-26.715,6.6e-05
15,2025-06-08 21:25:25.447963,2718.3,0.0009
15,2025-06-08 21:31:18.659130,-26.325,3.4e-05
15,2025-06-08 21:32:02.998696,2241.52,0.000866
15,2025-06-08 21:33:52.600463,544.245,0.0002
15,2025-06-08 21:35:01.106130,-2792.01,0.000234
15,2025-06-08 21:48:21.247331,-28.86,3.3e-05
15,2025-06-08 22:06:45.043493,-28.86,3.4e-05
15,2025-06-08 22:54:39.879506,633.165,0.000233
15,2025-06-08 22:54:40.050173,-105.3,0.000567
15,2025-06-08 22:54:40.630506,2491.91,0.0003
15,2025-06-08 22:54:40.801239,-373.425,0.0004
15,2025-06-08 22:55:21.590639,2092.16,0.000266
15,2025-06-08 22:55:21.761106,2545.73,0.0003
15,2025-06-08 22:55:21.931806,-186.42,0.000467
15,2025-06-08 22:55:36.097106,916.89,0.000167
15,2025-06-08 22:55:36.438439,-46.8,0.000933
15,2025-06-08 22:58:03.199069,509.925,0.000567
15,2025-06-08 22:58:03.369735,-79.17,0.0009
15,2025-06-08 23:04:53.531034,1536.99,0.000534
15,2025-06-08 23:04:54.282167,2734.49,0.0003
15,2025-06-08 23:04:54.452634,2005.19,0.000434
15,2025-06-08 23:11:33.260792,2348.77,0.000267
15,2025-06-08 23:11:33.431358,858.0,0.000466
15,2025-06-08 23:11:33.602025,-106.665,0.000867
15,2025-06-08 23:11:33.772692,-66.105,0.0009
15,2025-06-08 23:12:41.117892,-158.145,0.0004
15,2025-06-08 23:12:41.868858,2488.78,0.0003
15,2025-06-08 23:12:42.039358,1622.59,6.6e-05
15,2025-06-08 23:13:04.840425,987.87,0.000433
15,2025-06-08 23:13:05.181758,-57.915,0.000866
15,2025-06-08 23:14:21.503892,2299.25,0.0003
15,2025-06-08 23:14:21.674625,-330.525,0.000433
15,2025-06-08 23:14:35.600992,2193.55,0.000267
15,2025-06-08 23:14:35.942292,-120.12,0.000634
15,2025-06-08 23:14:36.112958,-44.85,0.000966
15,2025-06-08 23:19:06.543549,2455.83,0.0003
15,2025-06-08 23:19:06.713982,1944.73,0.000333
15,2025-06-08 23:19:07.055316,-62.205,0.0009
15,2025-06-08 23:19:07.806249,227.175,0.000633
15,2025-06-08 23:19:07.976916,-144.495,0.000667
15,2025-06-08 23:19:40.130516,1021.02,0.000434
15,2025-06-08 23:19:40.301182,-205.92,0.000533
15,2025-06-08 23:19:40.471882,-48.945,0.000933
15,2025-06-08 23:22:50.867616,-124.215,0.000534
15,2025-06-08 23:22:51.618516,628.095,0.000234
15,2025-06-08 23:22:51.789182,-95.16,0.000666
15,2025-06-08 23:22:51.959849,-36.66,0.000967
15,2025-06-08 23:22:52.540116,-323.895,0.000434
15,2025-06-08 23:22:52.710782,-96.135,0.000733
15,2025-06-08 23:23:32.783316,1149.72,0.0003
15,2025-06-08 23:23:32.954082,-63.57,0.0009
15,2025-06-08 23:23:33.704916,1123.4,0.000134
15,2025-06-08 23:24:32.107049,1788.15,0.000333
15,2025-06-08 23:24:32.448382,-60.255,0.0008
15,2025-06-08 23:41:56.146744,221.13,0.000667
15,2025-06-08 23:41:56.897677,1527.63,0.000366
15,2025-06-08 23:41:57.068344,-292.11,0.000467
15,2025-06-08 23:41:57.239011,-55.575,0.000934
15,2025-06-08 23:43:49.059811,-174.915,0.000534
15,2025-06-09 00:21:28.940771,-78.195,0.0009
15,2025-06-09 00:21:29.111404,-35.295,0.000933
15,2025-06-09 00:42:35.594604,-31.005,3.3e-05
15,2025-06-09 00:51:57.156237,-26.91,6.6e-05
15,2025-06-09 00:51:59.067671,27.105,0.0004
15,2025-06-09 01:07:38.485471,27.69,0.0004
15,2025-06-09 01:16:28.166337,-26.325,3.3e-05
15,2025-06-09 01:59:35.745380,-116.22,0.0008
15,2025-06-09 01:59:35.916014,-52.26,0.0008
15,2025-06-09 02:00:08.035480,491.79,0.0006
15,2025-06-09 02:03:05.147078,-58.5,0.000434
15,2025-06-09 02:03:05.283611,-1692.99,6.7e-05
15,2025-06-09 02:03:05.317744,-58.695,0.000466
15,2025-06-09 02:03:05.454444,1554.73,0.000633
15,2025-06-09 02:05:40.354672,-2489.96,0.000134
15,2025-06-09 02:05:40.389738,-45.63,0.000466
15,2025-06-09 02:05:40.525572,1378.45,0.000734
15,2025-06-09 02:05:40.696005,653.25,0.0009
15,2025-06-09 02:05:41.139738,-55.38,0.0007
15,2025-06-09 02:05:41.276272,-2296.13,0.000134
15,2025-06-09 02:05:41.310405,-27.105,0.0009
15,2025-06-09 02:05:41.447238,1376.31,0.0007
15,2025-06-09 02:05:41.890672,-105.885,0.0002
15,2025-06-09 02:05:42.061338,-97.11,0.000266
15,2025-06-09 02:07:40.982338,1396.98,0.000733
15,2025-06-09 02:07:41.016005,-51.675,6.7e-05
15,2025-06-09 02:07:41.186672,-34.71,0.000767
15,2025-06-09 02:07:41.596305,-110.76,0.000133
15,2025-06-09 02:11:12.335472,1189.31,0.000434
15,2025-06-09 02:11:12.506138,525.135,0.000933
15,2025-06-09 02:11:12.540272,-25.545,0.000634
15,2025-06-09 02:11:12.949905,-82.485,0.000367
15,2025-06-09 02:11:13.086838,1450.99,0.000733
15,2025-06-09 02:11:13.120538,-37.05,0.0008
15,2025-06-09 02:11:13.257272,1516.13,0.000767
15,2025-06-09 03:37:17.818644,228.345,0.000133
15,2025-06-09 03:38:06.561011,86.58,0.000267
15,2025-06-09 03:38:14.377544,126.36,0.000233
15,2025-06-09 03:38:15.299177,367.77,0.000133
15,2025-06-09 03:38:55.269311,332.28,0.000167
15,2025-06-09 03:39:11.277811,191.1,0.000134
15,2025-06-09 03:40:08.690177,169.845,0.000133
15,2025-06-09 03:42:20.581277,128.895,0.000166
15,2025-06-09 03:42:35.019677,70.395,3.3e-05
15,2025-06-09 03:42:40.583477,192.66,0.000133
15,2025-06-09 03:43:59.602077,38.805,0.000266
15,2025-06-09 03:44:43.395277,25.545,0.0004
15,2025-06-09 03:44:44.794611,79.365,0.000267
15,2025-06-09 03:46:38.765811,-28.665,3.4e-05
15,2025-06-09 03:47:51.469811,59.475,0.0002
15,2025-06-09 03:48:06.556844,361.14,0.000133
15,2025-06-09 03:49:14.686877,26.715,0.0003
15,2025-06-09 03:49:49.025011,38.61,0.000267
15,2025-06-09 03:50:48.621811,198.705,0.0002
15,2025-06-09 03:50:54.765811,104.715,0.0002
15,2025-06-09 03:51:47.433611,162.24,0.000134
15,2025-06-09 03:52:07.094377,358.8,0.000133
15,2025-06-09 03:52:41.944577,99.84,0.000166
15,2025-06-09 03:53:25.054877,86.385,0.0002
15,2025-06-09 03:59:38.003418,-26.715,3.3e-05
15,2025-06-09 05:36:53.814595,-28.86,3.3e-05
15,2025-06-09 05:38:13.413529,-26.715,3.4e-05
16,2025-06-06 17:35:49.057731,-44.46,0.0007
16,2025-06-06 17:35:49.364931,-138.84,0.000167
16,2025-06-06 17:35:49.637931,-102.18,0.0004
16,2025-06-06 17:35:50.252331,-110.565,0.0002
16,2025-06-06 17:35:50.559598,-30.225,0.000734
16,2025-06-06 17:35:50.866731,-91.65,0.0003
16,2025-06-06 17:35:51.208064,-99.06,0.000233
16,2025-06-06 17:35:51.856631,-59.865,0.0006
16,2025-06-06 17:35:52.163798,-68.055,0.000567
16,2025-06-06 17:35:52.436864,-28.08,0.0008
16,2025-06-06 17:35:53.631531,-130.845,0.0002
16,2025-06-06 17:35:53.904598,-119.925,0.000167
16,2025-06-06 17:35:55.406464,-49.53,0.0007
16,2025-06-06 17:35:56.840098,-50.7,0.0006
16,2025-06-06 17:35:57.420331,-56.745,0.000733
16,2025-06-06 17:35:58.000598,-52.65,0.0006
16,2025-06-06 17:35:58.307798,-62.4,0.0005
16,2025-06-06 17:36:00.867831,-40.755,0.000667
16,2025-06-06 17:36:01.448398,-139.23,3.4e-05
16,2025-06-06 17:36:01.789398,-75.66,0.000467
16,2025-06-06 17:36:02.335564,-37.245,0.000833
16,2025-06-06 17:36:02.881764,-31.005,0.000833
16,2025-06-06 17:36:03.188864,-47.775,0.0005
16,2025-06-06 17:36:03.496064,-53.43,0.000566
16,2025-06-06 17:36:04.144598,-31.395,0.000667
16,2025-06-06 17:36:04.451798,-29.445,0.000767
16,2025-06-06 17:36:04.724864,-52.065,0.000533
16,2025-06-06 17:36:04.998031,-141.375,0.000167
16,2025-06-06 17:36:05.305131,-103.545,0.0004
16,2025-06-06 17:36:05.578231,-28.86,0.0008
16,2025-06-06 17:36:06.192598,-92.43,0.000367
16,2025-06-06 17:36:07.626198,-28.08,0.000834
16,2025-06-06 17:36:07.967531,-43.875,0.000633
16,2025-06-06 17:36:08.274731,-41.73,0.000567
16,2025-06-06 17:36:09.742464,-46.41,0.000633
16,2025-06-06 17:36:11.483264,-61.035,0.0006
16,2025-06-06 17:36:12.336598,-65.13,0.000434
16,2025-06-06 17:36:14.964864,-50.895,0.0006
16,2025-06-06 17:36:15.545131,-136.89,6.7e-05
16,2025-06-06 17:36:15.852331,-47.19,0.000533
16,2025-06-06 17:36:16.159531,-28.86,0.0006
16,2025-06-06 17:36:17.354198,-127.92,0.000167
16,2025-06-06 17:37:39.243132,1364.61,0.000767
16,2025-06-06 17:37:41.666598,-32.565,0.000733
16,2025-06-06 17:37:43.509798,793.845,0.000933
16,2025-06-06 17:37:44.944698,-144.885,0.000433
16,2025-06-06 17:37:45.250598,-88.92,0.000366
16,2025-06-06 17:37:47.332732,-44.46,0.0007
16,2025-06-06 17:37:48.186098,-143.52,0.000133
16,2025-06-06 17:37:48.459132,-34.32,0.0008
16,2025-06-06 17:37:49.892798,-26.52,0.000966
16,2025-06-06 17:37:50.199932,-63.18,0.000467
16,2025-06-06 17:37:50.507132,-41.34,0.000767
16,2025-06-06 17:37:51.667665,-98.28,0.000533
16,2025-06-06 17:37:51.974865,-136.5,0.0001
16,2025-06-06 17:37:52.520998,-35.88,0.0007
16,2025-06-06 17:37:52.794065,-59.28,0.000533
16,2025-06-06 17:37:53.374332,-37.05,0.000734
16,2025-06-06 17:37:54.568998,-29.25,0.000733
16,2025-06-06 17:37:54.876198,-65.325,0.0005
16,2025-06-06 17:37:56.378065,-91.845,0.000467
16,2025-06-06 17:37:59.006332,-60.06,0.0004
16,2025-06-06 17:37:59.279398,-78.195,0.000466
16,2025-06-06 17:37:59.552465,-73.32,0.0002
16,2025-06-06 17:38:00.166865,-64.35,0.000567
16,2025-06-06 17:38:00.439932,-52.845,0.000567
16,2025-06-06 17:38:01.054632,-141.57,0.0002
16,2025-06-06 17:38:01.395665,-29.055,0.0001
16,2025-06-06 17:38:02.317265,-85.215,0.0004
16,2025-06-06 17:38:03.204732,-30.615,0.0008
16,2025-06-06 17:38:03.511932,-36.27,0.000734
16,2025-06-06 17:38:04.945532,-116.415,0.0002
16,2025-06-06 17:38:05.525798,-121.485,0.000266
16,2025-06-06 17:38:06.106065,-119.73,0.0002
16,2025-06-07 19:14:42.226711,-27.3,0.000533
16,2025-06-07 19:18:22.274416,-35.49,0.000566
16,2025-06-07 19:18:26.677450,-32.76,0.000467
16,2025-06-07 19:18:31.080550,-34.905,6.7e-05
16,2025-06-08 22:54:39.879506,71.565,0.000567
16,2025-06-08 22:54:40.050173,33.54,0.0009
16,2025-06-08 22:54:40.630673,84.24,0.0005
16,2025-06-08 22:54:40.801106,71.175,0.0006
16,2025-06-08 22:55:21.590473,538.395,0.000134
16,2025-06-08 22:55:21.761106,95.55,0.000333
16,2025-06-08 22:55:21.931839,51.285,0.000833
16,2025-06-08 22:55:36.097106,-64.545,0.000367
16,2025-06-08 22:55:36.848173,85.995,0.000334
16,2025-06-08 22:58:03.199069,50.7,0.0006
16,2025-06-08 22:58:03.369769,28.47,0.000967
16,2025-06-08 23:04:53.531167,27.105,0.000767
16,2025-06-08 23:04:54.282267,65.52,0.000567
16,2025-06-08 23:04:54.452634,64.545,0.0006
16,2025-06-08 23:11:33.260692,149.955,6.7e-05
16,2025-06-08 23:11:33.431358,66.885,0.0005
16,2025-06-08 23:11:33.602025,35.49,0.0009
16,2025-06-08 23:12:41.117792,-62.79,0.000467
16,2025-06-08 23:12:41.868692,212.355,0.000167
16,2025-06-08 23:12:42.039392,86.385,0.000434
16,2025-06-08 23:13:04.669758,442.26,0.000133
16,2025-06-08 23:13:04.840425,78.975,0.000467
16,2025-06-08 23:14:21.503892,86.58,0.000334
16,2025-06-08 23:14:21.674558,57.72,0.0007
16,2025-06-08 23:14:35.601025,86.385,0.000333
16,2025-06-08 23:14:35.942292,42.12,0.000967
16,2025-06-08 23:19:06.543349,435.825,0.000133
16,2025-06-08 23:19:06.714149,84.63,0.000533
16,2025-06-08 23:19:07.464949,406.575,0.000133
16,2025-06-08 23:19:07.806249,61.23,0.000667
16,2025-06-08 23:19:40.130582,79.95,0.000533
16,2025-06-08 23:19:40.301182,34.71,0.000866
16,2025-06-08 23:22:51.447916,81.705,0.000334
16,2025-06-08 23:22:51.618516,75.465,0.000567
16,2025-06-08 23:22:52.369749,85.41,0.000533
16,2025-06-08 23:22:52.540116,51.87,0.000767
16,2025-06-08 23:23:32.783416,-123.24,0.000334
16,2025-06-08 23:23:33.705016,79.56,0.000567
16,2025-06-08 23:24:31.936416,423.93,0.000134
16,2025-06-08 23:24:32.107216,82.68,0.000534
16,2025-06-08 23:41:56.146744,54.99,0.0007
16,2025-06-08 23:41:56.897711,77.025,0.000434
16,2025-06-08 23:41:57.068344,50.7,0.0008
16,2025-06-09 00:21:28.940737,36.465,0.0009
16,2025-06-09 01:59:35.745347,42.12,0.0008
16,2025-06-09 02:00:08.035480,67.275,0.000633
16,2025-06-09 02:03:05.283644,108.03,0.0003
16,2025-06-09 02:03:05.454311,44.655,0.0007
16,2025-06-09 02:05:40.354672,1212.7,3.4e-05
16,2025-06-09 02:05:40.525338,64.35,0.000533
16,2025-06-09 02:05:40.696005,34.515,0.000933
16,2025-06-09 02:05:41.276272,643.695,0.000167
16,2025-06-09 02:05:41.446938,127.725,0.000433
16,2025-06-09 02:07:40.981872,144.3,0.0003
16,2025-06-09 02:11:12.335538,-304.395,0.0004
16,2025-06-09 02:11:12.506205,-53.235,0.0009
16,2025-06-09 02:11:13.086405,176.67,0.000333
16,2025-06-09 02:11:13.257072,85.995,0.0006
16,2025-06-09 03:37:17.818677,513.825,0.000166
16,2025-06-09 03:38:06.561011,175.695,0.000234
16,2025-06-09 03:38:14.377544,304.395,0.0002
16,2025-06-09 03:38:15.299211,725.01,0.000134
16,2025-06-09 03:38:50.285977,-25.74,0.000533
16,2025-06-09 03:38:55.269311,694.785,0.000134
16,2025-06-09 03:38:55.440011,-32.565,0.000534
16,2025-06-09 03:39:11.277811,456.885,0.000134
16,2025-06-09 03:40:08.690211,434.265,0.000167
16,2025-06-09 03:40:28.351011,-32.37,0.0005
16,2025-06-09 03:42:20.581277,270.465,0.000166
16,2025-06-09 03:42:35.019677,115.05,3.3e-05
16,2025-06-09 03:42:40.583511,350.61,0.000167
16,2025-06-09 03:43:59.602077,82.095,0.000266
16,2025-06-09 03:44:04.892877,-27.495,0.000633
16,2025-06-09 03:44:44.794611,168.285,0.000234
16,2025-06-09 03:47:51.469811,140.205,0.0002
16,2025-06-09 03:48:06.556744,-760.5,3.3e-05
16,2025-06-09 03:49:49.025011,71.955,0.000267
16,2025-06-09 03:50:48.621811,523.77,0.0002
16,2025-06-09 03:50:54.765811,322.335,0.0002
16,2025-06-09 03:51:47.433644,389.025,0.000167
16,2025-06-09 03:52:07.094411,728.13,0.000167
16,2025-06-09 03:52:07.265211,-28.47,0.000634
16,2025-06-09 03:53:10.684744,30.42,0.0003
16,2025-06-09 03:53:25.054877,207.285,0.0002
16,2025-06-09 04:10:13.813557,26.325,3.3e-05
16,2025-06-09 04:10:21.595957,26.91,3.3e-05
16,2025-06-09 04:45:36.749486,27.105,0.0001
16,2025-06-09 04:47:59.051852,25.935,0.0008
16,2025-06-09 04:59:13.287119,27.495,0.000333
16,2025-06-09 05:13:50.561295,26.715,0.000333
16,2025-06-09 05:15:19.683495,28.275,0.0002
16,2025-06-09 05:17:29.492762,28.275,0.000367
16,2025-06-09 05:50:57.863662,-32.37,0.000333
16,2025-06-09 17:23:57.548901,25.545,6.6e-05
16,2025-06-09 18:58:16.923481,-26.715,0.000867
16,2025-06-09 20:47:07.671867,-38.61,0.000233
16,2025-06-09 21:23:28.092862,-25.545,0.000766
16,2025-06-09 21:28:08.908143,-35.295,0.000533
16,2025-06-09 21:32:16.126672,-54.405,0.0003
16,2025-06-09 21:39:53.262759,-29.055,0.0008
16,2025-06-09 22:49:47.600626,-36.27,0.000534
17,2025-06-06 17:36:02.062498,-507.975,0.0001
17,2025-06-06 17:37:39.243132,-93.99,0.0009
17,2025-06-08 22:54:40.630439,60.645,0.000266
17,2025-06-08 22:55:21.590473,360.36,0.000134
17,2025-06-08 22:55:21.761106,53.04,0.000333
17,2025-06-08 22:55:36.848039,136.305,0.0002
17,2025-06-08 22:58:03.028402,-500.175,3.3e-05
17,2025-06-08 23:04:54.281967,27.105,0.000333
17,2025-06-08 23:11:33.260692,169.26,0.0002
17,2025-06-08 23:12:41.117825,34.32,0.000633
17,2025-06-08 23:12:41.868692,242.775,0.000167
17,2025-06-08 23:12:42.039358,36.075,0.0004
17,2025-06-08 23:13:04.669758,359.58,0.000133
17,2025-06-08 23:13:04.840492,30.81,0.000534
17,2025-06-08 23:14:21.503892,52.845,0.000334
17,2025-06-08 23:14:35.600992,60.45,0.0003
17,2025-06-08 23:19:06.543349,358.8,0.000133
17,2025-06-08 23:19:06.713982,43.68,0.000366
17,2025-06-08 23:19:07.464949,321.36,0.000133
17,2025-06-08 23:19:40.130549,31.2,0.0005
17,2025-06-08 23:22:51.447849,60.645,0.000267
17,2025-06-08 23:22:51.618516,26.13,0.000567
17,2025-06-08 23:22:52.369449,92.43,0.000233
17,2025-06-08 23:23:32.783482,29.445,0.000533
17,2025-06-08 23:23:33.704916,38.61,0.000467
17,2025-06-08 23:24:31.936416,340.665,0.000134
17,2025-06-08 23:24:32.107082,42.12,0.0004
17,2025-06-08 23:41:56.897777,39.0,0.0005
17,2025-06-08 23:41:57.068377,25.35,0.000833
17,2025-06-09 01:59:35.404014,-491.985,3.4e-05
17,2025-06-09 02:03:05.283611,97.695,0.000267
17,2025-06-09 02:05:40.354672,797.16,0.000167
17,2025-06-09 02:05:41.276272,583.05,0.000167
17,2025-06-09 02:05:41.446938,97.11,0.000433
17,2025-06-09 02:07:40.981872,138.645,0.0003
17,2025-06-09 02:11:12.335638,-25.74,0.000633
17,2025-06-09 02:11:13.086405,127.335,0.000333
17,2025-06-09 02:11:13.257072,47.19,0.0006
17,2025-06-09 03:37:17.818677,441.48,0.000166
17,2025-06-09 03:38:06.561011,182.325,0.000234
17,2025-06-09 03:38:14.377544,291.525,0.0002
17,2025-06-09 03:38:15.299211,644.865,0.000134
17,2025-06-09 03:38:55.269311,635.7,0.000134
17,2025-06-09 03:39:11.277844,366.99,0.000167
17,2025-06-09 03:40:08.690077,-391.56,3.3e-05
17,2025-06-09 03:40:28.350877,56.16,0.000333
17,2025-06-09 03:42:20.581277,289.965,0.000166
17,2025-06-09 03:42:35.019677,135.72,3.3e-05
17,2025-06-09 03:42:40.583511,348.66,0.000167
17,2025-06-09 03:43:59.602077,94.38,0.000266
17,2025-06-09 03:44:44.794611,177.255,0.000234
17,2025-06-09 03:47:51.469811,159.12,0.0002
17,2025-06-09 03:49:14.686877,35.685,0.0003
17,2025-06-09 03:49:49.025011,93.015,0.000267
17,2025-06-09 03:50:48.621811,468.975,0.000167
17,2025-06-09 03:50:54.765811,274.95,0.0002
17,2025-06-09 03:51:23.540211,31.59,0.0003
17,2025-06-09 03:51:47.433611,303.81,0.000134
17,2025-06-09 03:52:07.094411,643.11,0.000134
17,2025-06-09 03:52:41.944577,216.06,0.000133
17,2025-06-09 03:53:25.054877,208.455,0.0002
18,2025-06-05 14:35:33.490758,-28.47,0.000634
18,2025-06-05 14:46:44.449824,-26.715,0.000333
18,2025-06-05 14:50:59.050158,27.495,0.000834
18,2025-06-05 17:45:44.650125,-30.615,3.3e-05
18,2025-06-05 21:27:41.753213,-32.175,3.4e-05
18,2025-06-06 00:05:45.768346,-28.275,0.0003
18,2025-06-06 00:27:43.764683,-31.395,3.3e-05
18,2025-06-06 01:25:16.899098,-30.225,0.000434
18,2025-06-06 02:57:22.304087,-27.495,6.7e-05
18,2025-06-06 06:46:51.861387,-26.325,3.3e-05
18,2025-06-06 07:16:21.469920,-28.275,3.3e-05
18,2025-06-06 07:26:16.584587,-28.47,6.7e-05
18,2025-06-06 08:26:35.605387,-27.3,3.3e-05
18,2025-06-06 09:00:39.168054,-26.715,3.4e-05
18,2025-06-06 09:21:41.896587,-25.74,3.3e-05
18,2025-06-06 09:52:17.553120,-26.325,3.3e-05
18,2025-06-06 11:26:39.249154,-27.3,0.0002
18,2025-06-06 12:49:24.147254,27.69,3.4e-05
18,2025-06-06 13:06:59.481787,-25.35,0.0002
18,2025-06-06 13:41:20.964320,-26.91,3.3e-05
18,2025-06-06 15:09:04.017187,-25.35,0.000233
18,2025-06-06 15:34:26.056587,-25.935,6.7e-05
18,2025-06-06 16:48:14.651787,-25.545,6.7e-05
18,2025-06-06 17:36:02.062464,2449.2,0.000166
18,2025-06-06 17:37:39.243132,-316.29,0.000834
18,2025-06-06 17:43:14.398332,-27.69,3.4e-05
18,2025-06-06 23:21:44.162491,-25.155,3.4e-05
18,2025-06-07 01:28:28.246390,-25.545,0.000233
18,2025-06-08 22:54:40.630439,86.775,0.000266
18,2025-06-08 22:55:21.590473,280.02,0.000134
18,2025-06-08 22:55:21.761106,39.195,0.000333
18,2025-06-08 22:55:36.848039,167.505,0.0002
18,2025-06-08 22:58:03.028402,-344.175,3.3e-05
18,2025-06-08 23:11:33.260692,175.5,0.0002
18,2025-06-08 23:12:41.868692,221.13,0.000167
18,2025-06-08 23:13:04.669758,269.295,0.000133
18,2025-06-08 23:14:21.503892,41.145,0.000334
18,2025-06-08 23:14:35.600958,72.735,0.000266
18,2025-06-08 23:19:06.543349,272.22,0.000133
18,2025-06-08 23:19:06.713982,31.395,0.000366
18,2025-06-08 23:19:07.464949,249.795,0.000133
18,2025-06-08 23:22:51.447849,69.81,0.000267
18,2025-06-08 23:22:52.369449,117.195,0.000233
18,2025-06-08 23:23:32.783316,28.86,0.000367
18,2025-06-08 23:24:31.936416,245.895,0.000134
18,2025-06-08 23:24:32.107049,30.225,0.000367
18,2025-06-08 23:41:56.897677,25.35,0.0004
18,2025-06-09 01:59:35.404014,-345.54,3.4e-05
18,2025-06-09 02:03:05.283611,112.515,0.000267
18,2025-06-09 02:05:40.354672,751.725,0.000167
18,2025-06-09 02:05:40.525405,-26.52,0.0006
18,2025-06-09 02:05:41.276272,539.175,0.000167
18,2025-06-09 02:05:41.446938,76.44,0.000433
18,2025-06-09 02:07:40.981872,133.38,0.0003
18,2025-06-09 02:11:12.335605,-74.685,0.0006
18,2025-06-09 02:11:13.086405,129.285,0.000333
18,2025-06-09 02:11:13.257105,37.05,0.000633
18,2025-06-09 03:37:17.818677,493.35,0.000166
18,2025-06-09 03:38:06.561011,237.51,0.000234
18,2025-06-09 03:38:14.377544,360.945,0.0002
18,2025-06-09 03:38:15.299211,687.375,0.000134
18,2025-06-09 03:38:50.285811,27.885,0.000367
18,2025-06-09 03:38:55.269311,626.34,0.000134
18,2025-06-09 03:39:11.277844,420.615,0.000167
18,2025-06-09 03:40:08.690077,-471.12,3.3e-05
18,2025-06-09 03:40:28.350877,30.03,0.000366
18,2025-06-09 03:40:48.762611,31.005,0.000367
18,2025-06-09 03:42:20.581277,268.905,0.000166
18,2025-06-09 03:42:35.019677,151.32,3.3e-05
18,2025-06-09 03:42:40.583511,340.275,0.000134
18,2025-06-09 03:43:59.602077,112.32,0.000266
18,2025-06-09 03:44:44.794611,212.745,0.000234
18,2025-06-09 03:47:51.469811,160.68,0.0002
18,2025-06-09 03:49:14.686877,51.285,0.0003
18,2025-06-09 03:49:49.025011,108.42,0.000267
18,2025-06-09 03:50:48.621811,552.435,0.0002
18,2025-06-09 03:50:54.765811,326.625,0.0002
18,2025-06-09 03:51:23.540211,40.365,0.0003
18,2025-06-09 03:51:47.433644,344.565,0.000167
18,2025-06-09 03:51:52.280477,41.535,0.0003
18,2025-06-09 03:52:07.094411,700.44,0.000167
18,2025-06-09 03:52:41.944477,-260.52,3.3e-05
18,2025-06-09 03:53:10.684744,31.785,0.0003
18,2025-06-09 03:53:25.054877,220.74,0.0002
18,2025-06-09 19:16:14.410481,-25.935,0.0005
18,2025-06-09 20:43:48.641379,-27.885,0.0006
18,2025-06-09 21:29:59.288853,-26.325,0.0005
19,2025-06-05 14:04:21.209221,-36.465,0.000734
19,2025-06-05 14:38:59.690124,28.86,0.0004
19,2025-06-05 14:50:58.948191,-29.445,0.000567
19,2025-06-05 14:56:36.628791,-25.935,3.3e-05
19,2025-06-05 15:13:12.400524,-25.74,3.3e-05
19,2025-06-05 18:03:02.653484,29.25,0.0007
19,2025-06-06 07:40:07.321654,-26.715,3.4e-05
19,2025-06-06 09:53:34.318987,-28.08,3.3e-05
19,2025-06-06 10:48:47.197920,-25.155,3.3e-05
19,2025-06-06 11:34:37.115787,-27.885,6.7e-05
19,2025-06-06 11:37:13.992587,-26.715,3.3e-05
19,2025-06-06 11:42:16.550454,-27.3,3.4e-05
19,2025-06-06 11:45:43.876320,-27.105,3.3e-05
19,2025-06-06 11:51:49.580854,-27.105,3.4e-05
19,2025-06-06 12:03:53.412320,-30.03,3.3e-05
19,2025-06-06 12:24:49.075254,-26.715,3.4e-05
19,2025-06-06 12:25:53.314187,-25.545,3.3e-05
19,2025-06-06 12:27:18.476854,-26.325,3.4e-05
19,2025-06-06 12:38:33.702454,-26.52,3.4e-05
19,2025-06-06 13:41:21.169120,-26.52,3.3e-05
19,2025-06-06 14:21:15.315254,-26.715,3.4e-05
19,2025-06-06 15:14:04.185654,-27.105,3.4e-05
19,2025-06-06 15:30:20.569654,-29.055,3.4e-05
19,2025-06-06 17:17:57.265120,-25.74,3.3e-05
19,2025-06-06 17:36:02.062464,421.005,6.6e-05
19,2025-06-06 18:10:52.117832,-30.03,6.7e-05
19,2025-06-06 18:16:33.655932,-25.155,3.4e-05
19,2025-06-06 20:13:12.306752,-27.105,3.3e-05
19,2025-06-06 21:14:12.760508,-33.15,3.3e-05
19,2025-06-08 22:54:40.630439,85.605,0.000266
19,2025-06-08 22:55:21.590473,261.885,0.000134
19,2025-06-08 22:55:21.761106,49.14,0.000333
19,2025-06-08 22:55:36.848039,171.6,0.0002
19,2025-06-08 22:58:03.028402,-388.245,3.3e-05
19,2025-06-08 23:04:54.281967,28.08,0.0003
19,2025-06-08 23:11:33.260692,187.98,0.0002
19,2025-06-08 23:12:41.868692,226.98,0.000167
19,2025-06-08 23:12:42.039358,33.15,0.0004
19,2025-06-08 23:13:04.669758,248.625,0.000133
19,2025-06-08 23:14:21.503892,52.65,0.000334
19,2025-06-08 23:14:35.600958,86.58,0.000266
19,2025-06-08 23:19:06.543349,254.865,0.000133
19,2025-06-08 23:19:06.713982,34.32,0.000366
19,2025-06-08 23:19:07.464949,235.17,0.000133
19,2025-06-08 23:22:51.447849,90.87,0.000267
19,2025-06-08 23:22:52.369449,121.29,0.000233
19,2025-06-08 23:23:32.783316,44.46,0.000367
19,2025-06-08 23:24:31.936416,237.705,0.000134
19,2025-06-08 23:24:32.107049,36.465,0.000367
19,2025-06-09 01:59:35.404014,-384.15,3.4e-05
19,2025-06-09 02:03:05.283611,116.805,0.000267
19,2025-06-09 02:05:40.354672,649.35,0.000167
19,2025-06-09 02:05:40.525338,33.735,0.000533
19,2025-06-09 02:05:41.276272,456.495,0.000134
19,2025-06-09 02:05:41.446938,110.37,0.0004
19,2025-06-09 02:07:40.981872,162.63,0.0003
19,2025-06-09 02:11:12.335472,34.515,0.000467
19,2025-06-09 02:11:13.086405,159.705,0.000333
19,2025-06-09 02:11:13.257072,67.86,0.000567
19,2025-06-09 03:37:17.818677,483.795,0.000166
19,2025-06-09 03:37:47.207411,69.42,0.000367
19,2025-06-09 03:38:01.543411,28.47,0.0005
19,2025-06-09 03:38:06.561011,260.715,0.000234
19,2025-06-09 03:38:07.482611,50.505,0.000434
19,2025-06-09 03:38:14.377544,349.05,0.0002
19,2025-06-09 03:38:14.548244,33.15,0.0006
19,2025-06-09 03:38:15.299211,633.165,0.000134
19,2025-06-09 03:38:15.469811,40.95,0.000467
19,2025-06-09 03:38:50.285811,72.15,0.000367
19,2025-06-09 03:38:55.269311,626.73,0.000134
19,2025-06-09 03:38:55.439944,47.385,0.000433
19,2025-06-09 03:39:11.277844,398.58,0.000167
19,2025-06-09 03:40:08.690077,-566.28,3.3e-05
19,2025-06-09 03:40:28.350877,101.79,0.000333
19,2025-06-09 03:40:48.762611,75.66,0.000367
19,2025-06-09 03:41:03.132744,25.74,0.0005
19,2025-06-09 03:42:20.581277,266.37,0.000166
19,2025-06-09 03:42:35.019677,205.53,3.3e-05
19,2025-06-09 03:42:40.583511,341.445,0.000134
19,2025-06-09 03:43:59.602077,114.075,0.000266
19,2025-06-09 03:44:04.892744,40.365,0.000467
19,2025-06-09 03:44:44.794611,241.02,0.000234
19,2025-06-09 03:47:51.469811,145.47,0.0002
19,2025-06-09 03:48:06.898077,32.175,0.000633
19,2025-06-09 03:49:00.350877,39.585,0.000366
19,2025-06-09 03:49:14.686877,70.59,0.0003
19,2025-06-09 03:49:49.025011,115.05,0.000267
19,2025-06-09 03:50:48.621811,522.21,0.000167
19,2025-06-09 03:50:54.765811,293.085,0.0002
19,2025-06-09 03:51:23.540211,58.305,0.0003
19,2025-06-09 03:51:47.433644,314.73,0.000167
19,2025-06-09 03:51:52.280477,62.79,0.0003
19,2025-06-09 03:52:07.094411,642.135,0.000134
19,2025-06-09 03:52:07.265011,63.765,0.0004
19,2025-06-09 03:52:41.944477,-301.47,3.3e-05
19,2025-06-09 03:53:10.684744,33.93,0.0003
19,2025-06-09 03:53:25.054877,212.55,0.0002
20,2025-06-05 14:04:21.105954,-27.69,3.3e-05
20,2025-06-05 15:24:24.588258,-28.08,6.7e-05
20,2025-06-05 15:44:02.962756,-27.3,3.4e-05
20,2025-06-05 17:19:39.025602,45.24,0.0005
20,2025-06-05 17:19:56.638669,-52.455,0.000967
20,2025-06-05 17:30:00.658858,32.565,0.000666
20,2025-06-05 17:30:10.728058,167.505,0.0006
20,2025-06-05 17:32:03.675192,-42.51,6.7e-05
20,2025-06-05 17:32:41.426892,40.755,0.000934
20,2025-06-05 17:33:04.057725,28.08,0.000767
20,2025-06-05 17:33:15.491925,38.22,0.000433
20,2025-06-05 17:34:38.060458,-30.03,0.000666
20,2025-06-05 17:35:42.196792,-78.585,0.0001
20,2025-06-05 17:35:44.724925,-46.8,0.000967
20,2025-06-05 17:36:37.595358,34.71,0.000366
20,2025-06-05 17:36:37.629425,45.435,0.000467
20,2025-06-05 17:36:57.699725,-33.345,0.0001
20,2025-06-05 17:47:57.258158,-28.86,0.000266
20,2025-06-05 17:51:58.380455,-74.685,3.3e-05
20,2025-06-05 17:54:17.712722,-337.74,3.4e-05
20,2025-06-05 17:55:50.248422,53.625,0.000634
20,2025-06-05 17:56:41.516688,29.055,0.0005
20,2025-06-05 18:03:22.826184,28.86,0.0008
20,2025-06-05 18:03:36.649884,66.885,0.000433
20,2025-06-05 18:03:36.683818,-99.255,3.4e-05
20,2025-06-05 18:03:58.087284,48.75,0.000633
20,2025-06-05 18:04:48.398051,113.1,0.0005
20,2025-06-05 18:04:48.432851,58.5,0.0005
20,2025-06-05 18:05:11.097484,-54.015,0.000766
20,2025-06-05 18:05:14.852084,-76.83,0.0007
20,2025-06-05 18:05:41.270484,54.99,0.0005
20,2025-06-05 18:06:42.951251,111.54,0.000633
20,2025-06-05 18:07:20.701051,55.965,0.000967
20,2025-06-05 18:07:26.981684,156.585,0.000433
20,2025-06-05 18:07:29.541418,32.175,0.0006
20,2025-06-05 18:08:49.686784,28.08,0.000866
20,2025-06-05 18:09:54.676751,-34.32,0.0006
20,2025-06-05 18:09:54.710584,-28.08,0.000233
20,2025-06-05 18:10:10.958484,27.885,0.000633
20,2025-06-05 18:11:17.176851,-62.79,0.000533
20,2025-06-05 18:11:26.017518,30.615,0.000467
20,2025-06-05 18:15:06.074751,27.3,0.0001
20,2025-06-05 18:15:27.339951,-95.16,0.0005
20,2025-06-05 18:15:34.917584,55.965,0.0006
20,2025-06-05 18:15:48.707684,33.345,0.0005
20,2025-06-05 18:17:47.150284,27.885,0.0004
20,2025-06-05 18:18:52.003751,82.68,0.0007
20,2025-06-05 18:18:54.529284,-62.01,0.000433
20,2025-06-05 18:20:24.607018,-34.515,0.000234
20,2025-06-05 18:20:28.361884,99.255,0.0008
20,2025-06-05 18:21:21.951218,-101.205,3.4e-05
20,2025-06-05 18:21:25.739884,34.905,0.000566
20,2025-06-05 18:22:20.592318,44.85,0.000334
20,2025-06-06 00:13:56.479386,77.415,0.0008
20,2025-06-06 01:18:26.479764,-26.13,3.3e-05
20,2025-06-06 03:51:14.764854,-26.13,3.4e-05
20,2025-06-06 06:35:04.482187,-25.35,6.7e-05
20,2025-06-06 06:41:24.113154,-25.35,0.0001
20,2025-06-06 06:42:01.489120,-33.345,3.3e-05
20,2025-06-06 07:01:57.077387,-26.91,3.3e-05
20,2025-06-06 07:05:26.451254,-25.545,3.4e-05
20,2025-06-06 08:27:22.504587,-31.785,3.3e-05
20,2025-06-06 09:19:02.732854,-25.545,3.4e-05
20,2025-06-06 09:23:49.350454,-27.105,3.4e-05
20,2025-06-06 09:52:03.968054,-31.98,3.4e-05
20,2025-06-06 09:56:34.440587,-25.35,3.3e-05
20,2025-06-06 09:58:10.184587,-28.86,3.3e-05
20,2025-06-06 10:05:29.753654,-26.91,3.4e-05
20,2025-06-06 10:07:07.648054,-26.715,3.4e-05
20,2025-06-06 10:12:51.814454,-25.545,6.7e-05
20,2025-06-06 10:22:05.423020,-26.325,0.0001
20,2025-06-06 10:47:45.757920,-27.105,3.3e-05
20,2025-06-06 11:02:07.010220,-30.615,6.6e-05
20,2025-06-06 12:15:46.321120,-25.35,3.3e-05
20,2025-06-06 17:36:02.062464,293.865,6.6e-05
20,2025-06-07 00:07:50.110839,25.545,3.3e-05
20,2025-06-08 22:54:40.630439,57.525,0.000266
20,2025-06-08 22:55:21.590473,270.465,0.000134
20,2025-06-08 22:55:36.848039,148.59,0.0002
20,2025-06-08 22:58:03.028402,-287.235,3.3e-05
20,2025-06-08 23:11:33.260692,163.995,0.0002
20,2025-06-08 23:12:41.868692,224.835,0.000167
20,2025-06-08 23:13:04.669758,261.885,0.000133
20,2025-06-08 23:14:21.503892,30.225,0.000334
20,2025-06-08 23:14:35.600958,59.28,0.000266
20,2025-06-08 23:19:06.543349,269.88,0.000133
20,2025-06-08 23:19:07.464949,265.785,0.000133
20,2025-06-08 23:22:51.447849,53.82,0.000267
20,2025-06-08 23:22:52.369449,96.72,0.000233
20,2025-06-08 23:23:32.783316,26.13,0.000367
20,2025-06-08 23:24:31.936416,266.76,0.000134
20,2025-06-09 01:59:35.404014,-289.965,3.4e-05
20,2025-06-09 02:03:05.283611,85.605,0.000267
20,2025-06-09 02:05:40.354672,613.86,0.000167
20,2025-06-09 02:05:41.276272,554.385,0.000167
20,2025-06-09 02:05:41.446938,43.68,0.000433
20,2025-06-09 02:07:40.981872,109.005,0.0003
20,2025-06-09 02:11:12.335472,42.51,0.000467
20,2025-06-09 02:11:13.086405,78.585,0.000333
20,2025-06-09 03:37:17.818644,597.09,0.000133
20,2025-06-09 03:37:47.207477,-25.545,0.000466
20,2025-06-09 03:38:06.561011,132.6,0.000267
20,2025-06-09 03:38:07.482677,-26.13,0.000533
20,2025-06-09 03:38:14.377544,231.855,0.000233
20,2025-06-09 03:38:15.299177,780.78,0.000133
20,2025-06-09 03:38:55.269311,696.345,0.000167
20,2025-06-09 03:38:55.440044,-26.325,0.000567
20,2025-06-09 03:40:08.690177,494.325,0.000133
20,2025-06-09 03:42:20.581277,278.265,0.000166
20,2025-06-09 03:42:35.019677,105.69,3.3e-05
20,2025-06-09 03:42:40.583477,410.67,0.000133
20,2025-06-09 03:43:59.602077,60.06,0.000266
20,2025-06-09 03:44:44.794611,130.455,0.000267
20,2025-06-09 03:47:51.469811,149.175,0.0002
20,2025-06-09 03:48:06.556844,786.825,0.000133
20,2025-06-09 03:49:49.025011,56.16,0.000267
20,2025-06-09 03:50:48.621811,429.78,0.0002
20,2025-06-09 03:50:54.765811,239.85,0.0002
20,2025-06-09 03:51:47.433611,412.035,0.000134
20,2025-06-09 03:52:07.094377,787.8,0.000133
20,2025-06-09 03:52:07.265077,-27.495,0.0005
20,2025-06-09 03:53:25.054877,205.92,0.0002
21,2025-06-05 14:15:23.631534,-27.69,0.0002
21,2025-06-05 14:23:37.680758,29.055,0.000367
21,2025-06-05 14:44:53.413858,-26.13,0.000367
21,2025-06-05 15:18:49.023758,-26.13,0.000367
21,2025-06-05 15:25:40.057091,-25.935,0.0003
21,2025-06-05 15:26:59.382924,29.055,3.3e-05
21,2025-06-05 15:38:25.974991,-27.495,0.000267
21,2025-06-05 15:44:02.007056,-26.325,0.000167
21,2025-06-05 15:45:01.672122,-31.395,0.000233
21,2025-06-05 15:45:55.329989,-28.665,0.000367
21,2025-06-05 15:48:00.292056,-26.715,0.0003
21,2025-06-05 15:50:47.135589,-31.005,0.000267
21,2025-06-05 15:51:01.300922,-26.715,0.000233
21,2025-06-05 15:52:06.495556,-28.275,0.000334
21,2025-06-05 15:52:37.352189,-27.105,0.000267
21,2025-06-05 16:01:05.768222,-28.47,0.0002
21,2025-06-05 16:01:25.667922,-29.835,0.000233
21,2025-06-05 16:01:29.388689,-28.275,0.0004
21,2025-06-05 16:04:04.831756,-29.835,0.000267
21,2025-06-05 16:04:23.912089,-33.345,0.0003
21,2025-06-05 16:05:12.040289,-34.125,0.0003
21,2025-06-05 16:06:26.416622,-28.86,3.3e-05
21,2025-06-05 16:06:54.849689,-28.275,0.0003
21,2025-06-05 16:09:18.448822,-32.76,0.000333
21,2025-06-05 16:09:37.563356,-29.64,0.000367
21,2025-06-05 16:11:12.863556,-31.59,0.0002
21,2025-06-05 16:12:02.049856,-33.345,0.000234
21,2025-06-05 16:13:20.078656,-27.885,0.000234
21,2025-06-05 16:14:34.693956,-28.86,0.000367
21,2025-06-05 16:15:04.185322,-30.42,0.0003
21,2025-06-05 16:15:36.748356,-27.3,0.000334
21,2025-06-05 16:17:10.956356,-30.615,0.0004
21,2025-06-05 16:18:06.832822,-30.225,0.000333
21,2025-06-05 16:20:55.826856,-34.32,0.000334
21,2025-06-05 16:22:16.552222,-32.76,0.0003
21,2025-06-05 16:23:17.719022,-28.08,0.000333
21,2025-06-05 16:23:49.633689,-29.25,0.000333
21,2025-06-05 16:24:17.008622,-35.685,0.000266
21,2025-06-05 16:24:25.405522,-28.47,0.000333
21,2025-06-05 16:27:14.024122,-29.445,0.000333
21,2025-06-05 16:27:15.082256,-31.395,0.0003
21,2025-06-05 16:27:44.812622,-31.395,0.000333
21,2025-06-05 16:28:26.557422,35.49,3.3e-05
21,2025-06-05 16:28:27.308356,-32.565,3.4e-05
21,2025-06-05 16:29:21.580589,-33.54,0.000267
21,2025-06-05 16:29:21.955856,-27.885,0.000134
21,2025-06-05 16:29:23.662522,-32.37,0.000266
21,2025-06-05 16:29:52.573422,-32.955,3.3e-05
21,2025-06-05 16:30:32.202256,-36.27,0.000234
21,2025-06-05 16:30:44.933956,-31.005,0.000367
21,2025-06-05 16:30:50.156656,-28.275,0.000367
21,2025-06-05 16:32:16.650389,-28.86,0.000233
21,2025-06-05 16:32:20.985389,-33.15,0.000267
21,2025-06-05 16:33:25.633722,-34.71,0.000233
21,2025-06-05 16:33:32.938222,42.705,3.3e-05
21,2025-06-05 16:34:11.133422,-27.69,0.000333
21,2025-06-05 16:34:58.510556,-28.86,0.0001
21,2025-06-05 16:37:10.572389,-34.905,0.0002
21,2025-06-05 16:38:11.397956,-28.47,0.000334
21,2025-06-05 16:38:29.079122,-37.44,0.0003
21,2025-06-05 16:39:05.704156,-34.32,0.000234
21,2025-06-05 16:39:26.354756,-38.415,3.4e-05
21,2025-06-05 16:39:52.432789,-33.15,0.000233
21,2025-06-05 16:40:19.022489,-34.32,0.000267
21,2025-06-05 16:40:27.931289,-31.98,0.000267
21,2025-06-05 16:42:59.449389,-35.88,0.0003
21,2025-06-05 16:43:49.659389,-30.81,0.000233
21,2025-06-05 16:45:48.750689,-42.315,0.000233
21,2025-06-05 16:46:01.755556,-32.76,0.0003
21,2025-06-05 16:46:49.712656,-36.27,0.000267
21,2025-06-05 16:48:20.882922,-38.61,0.000266
21,2025-06-05 16:48:47.199556,38.805,3.4e-05
21,2025-06-05 16:51:46.945689,-32.565,0.000333
21,2025-06-05 16:51:57.493056,-37.245,0.000267
21,2025-06-05 16:52:43.811856,-36.465,0.0002
21,2025-06-05 16:53:04.906356,-33.54,0.000234
21,2025-06-05 16:54:45.497289,-31.98,0.000267
21,2025-06-05 16:55:03.485422,-34.32,0.0002
21,2025-06-05 16:55:13.964356,-33.735,0.000367
21,2025-06-05 16:55:25.091856,-36.27,0.000334
21,2025-06-05 16:56:01.785156,-37.635,0.000267
21,2025-06-05 16:56:15.233689,-36.66,0.000233
21,2025-06-05 16:56:24.040322,-31.98,0.000266
21,2025-06-05 16:56:29.842922,-33.735,0.0003
21,2025-06-05 16:57:24.797622,-31.98,0.000366
21,2025-06-05 16:58:21.561222,-38.805,0.000266
21,2025-06-05 16:58:24.872089,-29.835,0.0001
21,2025-06-05 16:59:15.867489,-49.53,0.000233
21,2025-06-05 16:59:26.380489,-35.1,0.000333
21,2025-06-05 16:59:28.701456,-31.005,0.000334
21,2025-06-05 17:02:27.116356,-30.42,6.7e-05
21,2025-06-05 17:03:26.542489,-37.44,3.3e-05
21,2025-06-05 17:05:38.741022,-33.15,0.000266
21,2025-06-05 17:05:44.680256,-32.565,0.0003
21,2025-06-05 17:06:45.710556,-37.44,0.000267
21,2025-06-05 17:07:13.802222,32.175,3.3e-05
21,2025-06-05 17:07:20.492356,43.095,3.4e-05
21,2025-06-05 17:07:30.800622,-27.495,0.000366
21,2025-06-05 17:07:54.455256,-36.075,0.000267
21,2025-06-05 17:08:39.647656,-30.615,0.000334
21,2025-06-05 17:08:40.159689,-35.1,0.0002
21,2025-06-05 17:10:40.035822,-33.15,0.000266
21,2025-06-05 17:11:04.680156,-28.275,0.000434
21,2025-06-05 17:11:12.360089,39.585,3.3e-05
21,2025-06-05 17:11:51.135556,41.145,3.4e-05
21,2025-06-05 17:11:52.808256,-32.76,0.0003
21,2025-06-05 17:14:14.051822,-34.515,3.3e-05
21,2025-06-05 17:15:00.234389,-42.51,0.000267
21,2025-06-05 17:15:03.579389,-42.705,0.0003
21,2025-06-05 17:15:18.598122,-32.76,0.000233
21,2025-06-05 17:15:19.041789,-35.1,0.000267
21,2025-06-05 17:15:36.381422,-45.435,6.6e-05
21,2025-06-05 17:15:37.644522,-39.975,0.0003
21,2025-06-05 17:16:52.123456,-40.17,0.000267
21,2025-06-05 17:17:16.938222,-41.925,0.000233
21,2025-06-05 17:19:14.995669,-31.59,0.000267
21,2025-06-05 17:20:26.351837,-38.61,0.0002
21,2025-06-05 17:20:52.975904,-39.39,0.000267
21,2025-06-05 17:21:18.951337,-36.075,0.000333
21,2025-06-05 17:21:41.820637,34.515,3.3e-05
21,2025-06-05 17:22:24.350871,-40.95,0.0002
21,2025-06-05 17:23:16.779737,-41.34,0.000266
21,2025-06-05 17:26:36.698009,-43.485,0.0002
21,2025-06-05 17:27:04.648577,-39.0,0.000234
21,2025-06-05 17:27:44.701670,-39.195,0.0002
21,2025-06-05 17:28:31.365858,-29.055,0.000366
21,2025-06-05 17:29:04.680158,-34.515,0.000366
21,2025-06-05 17:29:05.328658,-41.535,0.000266
21,2025-06-05 17:30:45.066125,-34.905,3.3e-05
21,2025-06-05 17:31:07.491725,-44.07,3.3e-05
21,2025-06-05 17:31:17.799992,-37.635,0.000267
21,2025-06-05 17:32:37.979292,-37.44,0.000234
21,2025-06-05 17:33:14.502125,-31.2,0.0003
21,2025-06-05 17:33:19.007458,-28.47,6.6e-05
21,2025-06-05 17:34:07.749958,-32.37,0.000266
21,2025-06-05 17:34:54.034658,-29.64,6.6e-05
21,2025-06-05 17:35:15.777592,-30.225,0.0001
21,2025-06-05 17:35:25.812992,-30.03,0.0003
21,2025-06-05 17:35:35.643392,-31.785,0.0003
21,2025-06-05 17:35:49.194292,-30.225,0.000234
21,2025-06-05 17:37:59.139725,-39.0,0.000333
21,2025-06-05 17:38:17.708325,-36.66,0.000233
21,2025-06-05 17:38:27.845858,-36.855,0.0003
21,2025-06-05 17:38:34.774925,40.17,3.3e-05
21,2025-06-05 17:38:37.130125,-40.95,0.0002
21,2025-06-05 17:42:39.340325,-43.095,0.000267
21,2025-06-05 17:42:57.977058,-28.665,6.6e-05
21,2025-06-05 17:43:09.343458,-27.3,0.000366
21,2025-06-05 17:44:02.318392,-42.705,0.000234
21,2025-06-05 17:44:11.295458,-39.585,0.000233
21,2025-06-05 17:44:52.972258,-40.17,0.000333
21,2025-06-05 17:45:18.503992,-29.25,0.0004
21,2025-06-05 17:45:45.537792,-28.86,0.000334
21,2025-06-05 17:46:07.792725,-37.44,0.0003
21,2025-06-05 17:50:05.123451,-37.635,0.0002
21,2025-06-05 17:50:13.861617,-36.66,0.000233
21,2025-06-05 17:51:08.068088,-26.52,0.000366
21,2025-06-05 17:52:32.752888,-29.25,0.000266
21,2025-06-05 17:52:39.477188,-31.98,0.000266
21,2025-06-05 17:54:34.847788,-28.665,0.0003
21,2025-06-05 17:56:28.580122,-26.91,0.000367
21,2025-06-05 17:57:13.806588,-26.52,0.000266
21,2025-06-05 17:57:24.080955,-26.52,0.0003
21,2025-06-05 17:58:00.262055,-31.395,0.000267
21,2025-06-05 17:58:05.279655,-29.64,0.000233
21,2025-06-05 17:59:04.125522,-26.715,6.7e-05
21,2025-06-05 18:00:10.890322,34.515,3.4e-05
21,2025-06-05 18:02:45.586218,-26.715,0.000367
21,2025-06-05 18:03:01.355818,-26.91,0.000167
21,2025-06-05 18:03:19.719551,30.42,3.3e-05
21,2025-06-05 18:03:30.847184,-33.15,0.0003
21,2025-06-05 18:11:40.831151,-28.47,0.000433
21,2025-06-05 18:33:05.482646,-28.86,0.000467
21,2025-06-05 18:37:01.104679,-26.715,0.0001
21,2025-06-05 18:38:41.081213,-30.03,0.0003
21,2025-06-05 18:38:45.757546,-26.52,0.000333
21,2025-06-05 18:38:51.014113,-29.835,0.000334
21,2025-06-05 18:39:15.248679,-28.275,3.3e-05
21,2025-06-05 18:39:16.511846,-31.59,0.000333
21,2025-06-05 18:39:32.929979,-29.445,0.0003
21,2025-06-05 18:40:01.397013,-27.495,0.000234
21,2025-06-05 18:41:29.222013,36.855,3.4e-05
21,2025-06-05 18:44:51.769346,-29.835,0.0004
21,2025-06-05 18:44:54.807146,-27.885,0.0003
21,2025-06-05 18:46:26.318546,-31.2,0.000267
21,2025-06-05 18:46:37.002446,-28.275,0.0003
21,2025-06-05 18:47:01.271213,-29.835,0.0003
21,2025-06-05 18:47:26.017779,-31.98,0.0003
21,2025-06-05 18:47:41.514479,-28.275,0.000266
21,2025-06-05 18:49:07.223179,-30.42,0.000366
21,2025-06-05 18:49:42.858279,-32.37,6.6e-05
21,2025-06-05 18:50:18.527613,-33.93,0.000267
21,2025-06-05 18:50:34.911713,-29.64,0.000267
21,2025-06-05 18:51:04.334713,-30.42,0.000267
21,2025-06-05 18:51:12.560846,-34.515,0.0003
21,2025-06-05 18:51:33.177313,-30.225,0.000334
21,2025-06-05 18:51:44.782646,-32.175,0.000267
21,2025-06-05 18:52:06.184146,33.15,6.7e-05
21,2025-06-05 18:53:06.395546,-31.395,0.000267
21,2025-06-05 18:53:53.738346,-34.125,0.000267
21,2025-06-05 18:58:31.788546,-37.44,0.000267
21,2025-06-05 19:03:07.927179,-36.66,0.0003
21,2025-06-05 19:04:52.136146,-29.445,0.000267
21,2025-06-05 19:05:27.976179,-28.275,6.6e-05
21,2025-06-05 19:05:32.720679,-36.27,6.6e-05
21,2025-06-05 19:05:35.656246,-30.03,0.000433
21,2025-06-05 19:07:11.332013,-27.105,0.000334
21,2025-06-05 19:08:48.577746,-29.445,0.0001
21,2025-06-05 19:09:15.782013,-27.885,6.7e-05
21,2025-06-05 19:09:37.593446,-27.3,0.000267
21,2025-06-05 19:10:02.783613,-31.98,3.4e-05
21,2025-06-05 19:12:43.415113,-29.835,0.000334
21,2025-06-05 19:13:03.792679,-27.3,0.000433
21,2025-06-05 19:13:27.242279,-28.275,3.3e-05
21,2025-06-05 19:13:41.100413,-32.175,3.4e-05
21,2025-06-05 19:14:46.431879,-30.81,0.000333
21,2025-06-05 19:15:33.126113,-28.86,0.0003
21,2025-06-05 19:16:52.929746,-29.25,0.000433
21,2025-06-05 19:17:41.877079,-33.93,0.0003
21,2025-06-05 19:18:47.549479,-27.495,6.6e-05
21,2025-06-05 19:18:51.645546,-30.615,0.0003
21,2025-06-05 19:18:58.062646,-28.47,0.000367
21,2025-06-05 19:19:04.206546,-27.3,0.000367
21,2025-06-05 19:21:07.462246,-28.86,0.000367
21,2025-06-05 19:21:28.966013,-28.08,6.7e-05
21,2025-06-05 19:21:44.052946,-30.81,3.3e-05
21,2025-06-05 19:22:41.670013,-29.055,6.7e-05
21,2025-06-05 19:23:34.099046,-35.295,0.000333
21,2025-06-05 19:26:15.310546,-28.47,0.000133
21,2025-06-05 19:26:26.506379,-32.37,0.0003
21,2025-06-05 19:27:22.519079,-34.32,0.000266
21,2025-06-05 19:28:04.707879,-33.54,6.6e-05
21,2025-06-05 19:28:35.974079,-29.835,0.0003
21,2025-06-05 19:29:53.866413,-28.275,0.000267
21,2025-06-05 19:30:20.490279,-28.08,6.6e-05
21,2025-06-05 19:30:25.576179,-29.835,6.6e-05
21,2025-06-05 19:31:14.864679,35.1,3.3e-05
21,2025-06-05 19:32:14.324946,-30.42,0.000167
21,2025-06-05 19:32:18.182079,-27.105,0.000366
21,2025-06-05 19:32:44.225746,-30.03,6.7e-05
21,2025-06-05 19:33:38.907379,-33.15,0.0001
21,2025-06-05 19:34:54.956446,-29.055,0.0001
21,2025-06-05 19:35:03.899379,-29.835,0.0001
21,2025-06-05 19:35:09.736146,-32.565,3.3e-05
21,2025-06-05 19:35:58.444413,-30.615,6.7e-05
21,2025-06-05 19:36:01.448146,-27.105,6.7e-05
21,2025-06-05 19:36:39.506813,-33.735,0.0001
21,2025-06-05 19:37:11.216679,-31.2,0.0001
21,2025-06-05 19:38:18.698346,-34.125,0.000133
21,2025-06-05 19:38:27.504846,-28.86,0.000233
21,2025-06-05 19:39:45.294546,-33.15,0.0004
21,2025-06-05 19:39:47.513279,-31.59,0.000233
21,2025-06-05 19:39:50.892413,36.66,3.4e-05
21,2025-06-05 19:40:29.736313,-32.175,0.0003
21,2025-06-05 19:41:07.043879,-31.2,0.0001
21,2025-06-05 19:41:18.239613,-37.635,3.4e-05
21,2025-06-05 19:41:50.393279,-26.52,0.0004
21,2025-06-05 19:42:59.137813,-34.905,0.0003
21,2025-06-05 19:43:11.425746,-30.225,0.0002
21,2025-06-05 19:44:38.397479,-30.42,0.000366
21,2025-06-05 19:45:38.506279,-36.075,3.3e-05
21,2025-06-05 19:47:39.952813,-31.98,0.000334
21,2025-06-05 19:48:46.751613,-32.76,0.000367
21,2025-06-05 19:48:54.977746,-29.835,6.7e-05
21,2025-06-05 19:49:10.474279,-35.88,0.0001
21,2025-06-05 19:49:22.420946,-26.13,0.000167
21,2025-06-05 19:50:06.384679,-31.2,0.0001
21,2025-06-05 19:50:07.374546,-30.615,0.000367
21,2025-06-05 19:50:11.777779,-28.47,0.0001
21,2025-06-05 19:50:15.532579,-36.855,0.000266
21,2025-06-05 19:50:42.019946,-37.44,0.000233
21,2025-06-05 19:52:04.076446,-34.905,0.000333
21,2025-06-05 19:52:37.595346,-31.395,3.3e-05
21,2025-06-05 19:53:01.556946,-33.345,0.0003
21,2025-06-05 19:53:41.868713,-39.585,0.000334
21,2025-06-05 19:54:20.541479,-26.91,0.000333
21,2025-06-05 19:54:43.376679,-31.98,0.0002
21,2025-06-05 19:55:03.447213,-28.86,0.0002
21,2025-06-05 19:55:35.191079,-27.885,3.3e-05
21,2025-06-05 19:55:47.820446,-29.445,0.0004
21,2025-06-05 19:56:02.054013,-26.52,0.0003
21,2025-06-05 19:56:25.469579,-33.54,0.0002
21,2025-06-05 19:57:06.224813,-27.69,0.0004
21,2025-06-05 19:57:18.274079,-30.225,0.000366
21,2025-06-05 19:57:59.677479,-44.265,6.6e-05
21,2025-06-05 19:58:06.845479,-28.665,0.000366
21,2025-06-05 19:58:11.453479,-34.71,3.3e-05
21,2025-06-05 19:59:02.209746,-26.325,0.000133
21,2025-06-05 19:59:49.040679,-27.105,3.3e-05
21,2025-06-05 19:59:51.600679,-31.59,6.6e-05
21,2025-06-05 20:00:00.134013,-34.515,0.000334
21,2025-06-05 20:00:17.405679,-36.465,0.0003
21,2025-06-05 20:00:20.170279,-32.955,3.3e-05
21,2025-06-05 20:00:47.511079,-32.37,3.3e-05
21,2025-06-05 20:01:52.535079,-28.275,3.3e-05
21,2025-06-05 20:02:59.607079,-29.055,3.3e-05
21,2025-06-05 20:03:04.317579,-32.76,0.000333
21,2025-06-05 20:03:15.035513,-29.055,0.0004
21,2025-06-05 20:03:46.916013,-34.125,0.000234
21,2025-06-05 20:04:13.096146,-38.025,6.7e-05
21,2025-06-05 20:05:03.374546,-39.195,3.3e-05
21,2025-06-05 20:06:40.449779,-30.81,0.000333
21,2025-06-05 20:06:42.361213,-27.69,6.7e-05
21,2025-06-05 20:06:47.583613,-38.805,3.4e-05
21,2025-06-05 20:07:25.198546,-30.42,0.000167
21,2025-06-05 20:07:35.028946,-41.535,3.3e-05
21,2025-06-05 20:07:44.996079,-34.905,0.0003
21,2025-06-05 20:08:08.616313,-32.565,0.0003
21,2025-06-05 20:08:50.361213,-29.64,0.000134
21,2025-06-05 20:09:03.775613,-26.91,6.7e-05
21,2025-06-05 20:09:06.438013,-34.71,3.4e-05
21,2025-06-05 20:09:23.231613,-31.005,0.0001
21,2025-06-05 20:10:10.233213,-29.055,0.000367
21,2025-06-05 20:10:43.171979,-33.735,0.000366
21,2025-06-05 20:10:57.951613,-27.3,0.0001
21,2025-06-05 20:12:00.347579,-33.15,0.000266
21,2025-06-05 20:12:16.082813,-29.445,6.7e-05
21,2025-06-05 20:12:26.698313,-35.295,0.000234
21,2025-06-05 20:13:03.972146,-31.98,0.000367
21,2025-06-05 20:13:07.385213,-28.86,0.0001
21,2025-06-05 20:14:39.920679,-28.275,6.6e-05
21,2025-06-05 20:14:45.040679,-32.175,6.6e-05
21,2025-06-05 20:15:12.859346,26.91,3.3e-05
21,2025-06-05 20:15:51.361746,-31.005,0.000133
21,2025-06-05 20:16:45.702013,-26.715,3.4e-05
21,2025-06-05 20:17:03.178279,-29.25,3.3e-05
21,2025-06-05 20:17:08.980946,-31.395,0.000333
21,2025-06-05 20:17:48.370846,-38.61,0.000267
21,2025-06-05 20:18:25.235079,-30.03,0.0003
21,2025-06-05 20:18:30.525713,-27.69,0.000434
21,2025-06-05 20:18:35.747879,-33.735,0.0003
21,2025-06-05 20:18:39.229479,-26.91,0.000366
21,2025-06-05 20:18:51.449379,-31.395,0.000333
21,2025-06-05 20:19:16.059379,-36.27,0.000233
21,2025-06-05 20:19:18.244113,-38.415,0.000267
21,2025-06-05 20:19:58.896779,-29.445,0.000333
21,2025-06-05 20:20:51.154913,-36.66,0.0003
21,2025-06-05 20:20:58.186313,-33.345,0.000334
21,2025-06-05 20:21:04.227879,-28.665,3.3e-05
21,2025-06-05 20:21:05.798013,-33.93,0.000367
21,2025-06-05 20:21:15.935713,-34.905,0.000134
21,2025-06-05 20:21:51.229479,-31.005,0.000366
21,2025-06-05 20:22:12.460579,-31.2,0.0004
21,2025-06-05 20:23:23.014179,-32.76,0.0003
21,2025-06-05 20:23:39.295613,-26.715,3.4e-05
21,2025-06-05 20:23:39.705246,-26.52,0.000133
21,2025-06-05 20:24:04.622546,-30.03,3.3e-05
21,2025-06-05 20:25:26.440246,-32.37,0.000367
21,2025-06-05 20:25:32.788946,-27.885,0.0004
21,2025-06-05 20:26:09.721313,-28.275,0.0004
21,2025-06-05 20:27:59.971946,-34.515,0.0002
21,2025-06-05 20:28:22.329213,-29.445,6.7e-05
21,2025-06-05 20:29:38.685679,-33.54,0.000233
21,2025-06-05 20:29:46.092413,-29.64,3.4e-05
21,2025-06-05 20:30:35.756613,-33.54,0.0003
21,2025-06-05 20:32:37.475979,-26.52,0.000266
21,2025-06-05 20:34:14.380413,-29.835,0.000134
21,2025-06-05 20:34:27.351079,-27.885,3.3e-05
21,2025-06-05 20:35:26.026279,-33.345,0.000333
21,2025-06-05 20:35:26.060446,-27.3,0.000233
21,2025-06-05 20:35:47.735113,-36.27,0.000234
21,2025-06-05 20:36:37.740613,-32.565,0.000267
21,2025-06-05 20:36:42.075379,-31.2,0.0003
21,2025-06-05 20:36:44.055113,-32.76,0.000234
21,2025-06-05 20:38:02.015613,-32.565,0.0003
21,2025-06-05 20:38:20.584146,-29.25,0.000333
21,2025-06-05 20:40:34.625746,-31.005,0.000333
21,2025-06-05 20:40:57.938813,-38.415,3.4e-05
21,2025-06-05 20:41:01.147379,-37.245,6.6e-05
21,2025-06-05 20:41:30.365479,-31.785,0.000233
21,2025-06-05 20:41:33.198579,-31.98,0.000333
21,2025-06-05 20:42:16.513879,-26.715,0.000266
21,2025-06-05 20:43:38.877646,-33.54,0.000267
21,2025-06-05 20:45:01.138846,-27.69,0.0003
21,2025-06-05 20:45:01.241379,-30.03,0.000233
21,2025-06-05 20:45:29.640146,-29.835,0.0003
21,2025-06-05 20:45:52.850879,-34.125,0.0003
21,2025-06-05 20:46:16.095679,-29.835,0.000266
21,2025-06-05 20:46:44.426546,-30.42,0.0004
21,2025-06-05 20:46:50.297213,-38.61,6.7e-05
21,2025-06-05 20:47:42.896679,-32.76,3.3e-05
21,2025-06-05 20:48:15.596579,-37.245,0.000333
21,2025-06-05 20:48:37.134579,-27.495,0.0001
21,2025-06-05 20:48:52.767646,-30.615,0.000233
21,2025-06-05 20:49:12.496679,-28.275,0.000366
21,2025-06-05 20:49:22.566179,-32.76,0.000266
21,2025-06-05 20:49:55.299879,-30.42,0.0001
21,2025-06-05 20:50:05.608146,-29.055,0.000333
21,2025-06-05 20:50:10.557479,-32.76,6.6e-05
21,2025-06-05 20:50:51.415079,-27.105,0.0004
21,2025-06-05 20:51:02.747346,-36.855,6.7e-05
21,2025-06-05 20:51:04.317779,-34.515,0.000333
21,2025-06-05 20:51:42.615079,-34.32,6.6e-05
21,2025-06-05 20:52:25.691613,-35.49,0.000367
21,2025-06-05 20:54:05.053646,-31.59,0.000233
21,2025-06-05 20:54:11.163513,-34.32,0.000334
21,2025-06-05 20:54:27.240279,-30.81,0.0003
21,2025-06-05 20:56:53.979379,-30.225,0.000233
21,2025-06-05 20:57:02.205679,-30.81,0.000233
21,2025-06-05 20:57:11.216813,-35.49,0.000167
21,2025-06-05 20:57:19.408679,34.71,3.3e-05
21,2025-06-05 20:57:35.656146,-28.665,0.0003
21,2025-06-05 20:57:55.965613,-32.37,0.000334
21,2025-06-05 20:58:22.009246,-29.25,0.0003
21,2025-06-05 20:58:27.265746,-33.345,3.3e-05
21,2025-06-05 21:00:31.715879,-27.105,6.6e-05
21,2025-06-05 21:00:41.716946,-37.635,3.3e-05
21,2025-06-05 21:01:12.368879,-27.69,0.0003
21,2025-06-05 21:02:02.817746,-27.885,0.000133
21,2025-06-05 21:02:49.205013,-32.37,0.000334
21,2025-06-05 21:03:01.527079,-27.69,3.3e-05
21,2025-06-05 21:04:04.503079,-26.91,0.0001
21,2025-06-05 21:04:27.645479,-27.885,3.3e-05
21,2025-06-05 21:05:11.267879,-30.42,6.6e-05
21,2025-06-05 21:07:03.976146,-27.105,3.3e-05
21,2025-06-05 21:07:21.691379,-31.005,0.000233
21,2025-06-05 21:11:17.211346,-29.055,0.000333
21,2025-06-05 21:11:20.488146,-28.275,3.3e-05
21,2025-06-05 21:11:25.437679,-29.055,0.000333
21,2025-06-05 21:12:05.407646,-32.37,0.0003
21,2025-06-05 21:12:26.433746,-28.275,0.000133
21,2025-06-05 21:14:05.522846,-32.76,0.000233
21,2025-06-05 21:14:09.687146,-32.955,0.000267
21,2025-06-05 21:15:58.128679,-33.15,0.000233
21,2025-06-05 21:16:18.881846,-32.565,0.000267
21,2025-06-05 21:16:48.543846,-31.395,0.0003
21,2025-06-05 21:18:12.067879,-32.76,0.0001
21,2025-06-05 21:19:09.070646,-37.83,0.0002
21,2025-06-05 21:19:43.477079,-33.15,0.0003
21,2025-06-05 21:19:54.126546,-27.105,0.0001
21,2025-06-05 21:20:26.826546,-35.685,0.000333
21,2025-06-05 21:20:55.225213,-27.3,0.000134
21,2025-06-05 21:21:08.093513,-30.615,0.000234
21,2025-06-05 21:22:07.690279,-26.52,0.0001
21,2025-06-05 21:22:14.107546,-30.81,0.000333
21,2025-06-05 21:22:42.540413,-26.91,0.0001
21,2025-06-05 21:23:01.689279,-30.615,0.000266
21,2025-06-05 21:23:12.612113,-31.98,0.000267
21,2025-06-05 21:23:37.290479,-30.81,0.000266
21,2025-06-05 21:23:42.785746,-31.98,0.000367
21,2025-06-05 21:23:50.363346,-36.465,3.3e-05
21,2025-06-05 21:25:15.389479,-29.055,0.0001
21,2025-06-05 21:25:42.184179,-33.54,0.0003
21,2025-06-05 21:26:03.619879,-33.15,6.6e-05
21,2025-06-05 21:26:06.794346,-26.715,0.000133
21,2025-06-05 21:26:29.936746,-33.54,0.000233
21,2025-06-05 21:26:54.854013,-37.05,3.4e-05
21,2025-06-05 21:27:09.667879,-35.49,3.3e-05
21,2025-06-05 21:27:45.439646,-34.515,6.7e-05
21,2025-06-05 21:27:46.907479,-34.32,0.0004
21,2025-06-05 21:28:20.836046,-31.98,0.000233
21,2025-06-05 21:28:21.450479,-31.395,0.0003
21,2025-06-05 21:28:49.337213,-33.93,0.000234
21,2025-06-05 21:29:34.359213,-34.71,0.0003
21,2025-06-05 21:29:41.219879,-32.955,0.000266
21,2025-06-05 21:30:42.079613,-28.08,0.0001
21,2025-06-05 21:31:36.317479,-30.81,3.3e-05
21,2025-06-05 21:31:41.403346,-36.075,3.3e-05
21,2025-06-05 21:32:53.083346,-30.81,0.0001
21,2025-06-05 21:33:20.458279,-26.715,0.0002
21,2025-06-05 21:34:10.805246,-28.08,0.000333
21,2025-06-05 21:34:18.484979,-28.665,0.0001
21,2025-06-05 21:34:37.804413,-32.955,0.0001
21,2025-06-05 21:35:07.534579,-30.81,0.000266
21,2025-06-05 21:35:22.758013,-30.81,3.4e-05
21,2025-06-05 21:37:22.907346,-35.685,0.0001
21,2025-06-05 21:38:17.554813,-33.54,3.4e-05
21,2025-06-05 21:39:29.849379,-35.295,0.000266
21,2025-06-05 21:40:23.711613,-33.735,0.0001
21,2025-06-05 21:40:32.518079,-31.59,0.0002
21,2025-06-05 21:41:49.147346,-27.495,6.7e-05
21,2025-06-05 21:42:40.859379,-33.15,0.000333
21,2025-06-05 21:43:11.579379,-28.47,0.0001
21,2025-06-05 21:43:35.677513,-30.615,0.000167
21,2025-06-05 21:43:42.333479,-26.325,0.000333
21,2025-06-05 21:44:15.920679,-33.15,3.3e-05
21,2025-06-05 21:44:24.829646,-41.145,0.000267
21,2025-06-05 21:46:33.819346,-29.25,3.3e-05
21,2025-06-05 21:46:51.022646,-32.565,0.000267
21,2025-06-05 21:47:05.426979,-32.76,0.0002
21,2025-06-05 21:47:22.083913,-27.3,0.000334
21,2025-06-05 21:48:43.799079,-31.395,3.3e-05
21,2025-06-05 21:51:02.209746,-31.005,0.0001
21,2025-06-05 21:51:23.577279,-46.41,0.000233
21,2025-06-05 21:52:09.281746,-27.885,0.0001
21,2025-06-05 21:52:11.330013,-30.42,0.000334
21,2025-06-05 21:52:50.753813,-30.03,0.0004
21,2025-06-05 21:53:04.748413,-30.81,6.7e-05
21,2025-06-05 21:53:06.898813,-30.615,0.0001
21,2025-06-05 21:53:19.118546,-28.47,0.0004
21,2025-06-05 21:54:17.111113,-27.69,0.000134
21,2025-06-05 21:54:18.817746,-30.42,6.7e-05
21,2025-06-05 21:54:32.846546,-32.565,3.3e-05
21,2025-06-05 21:54:46.124413,31.98,3.4e-05
21,2025-06-05 21:56:20.332413,-31.395,6.7e-05
21,2025-06-05 21:57:16.993746,-34.125,3.3e-05
21,2025-06-05 21:57:27.404446,-30.03,0.000333
21,2025-06-05 21:57:45.529213,-31.395,6.7e-05
21,2025-06-05 21:58:10.002879,-30.81,0.0001
21,2025-06-05 21:58:57.379879,-33.735,6.6e-05
21,2025-06-05 21:59:09.292413,-33.345,3.4e-05
21,2025-06-05 21:59:32.434813,-32.175,0.0003
21,2025-06-05 21:59:56.840213,-29.64,0.0002
21,2025-06-05 22:00:22.440146,-31.395,3.3e-05
21,2025-06-05 22:00:58.519079,-28.275,0.0001
21,2025-06-05 22:02:01.358546,-29.055,6.7e-05
21,2025-06-05 22:02:35.867579,-35.685,0.000266
21,2025-06-05 22:03:12.594813,-30.615,0.0003
21,2025-06-05 22:04:17.175113,-30.225,0.000234
21,2025-06-05 22:04:35.163479,-35.49,0.000233
21,2025-06-05 22:04:42.092413,-34.32,6.7e-05
21,2025-06-05 22:05:29.810879,-30.225,0.0001
21,2025-06-05 22:05:36.535079,-34.71,0.0003
21,2025-06-05 22:05:51.588146,-28.275,0.0003
21,2025-06-05 22:06:21.796046,-26.52,0.000333
21,2025-06-05 22:06:58.591613,-36.855,6.7e-05
21,2025-06-05 22:07:42.623646,-36.66,0.000233
21,2025-06-05 22:08:25.563346,-29.055,0.0001
21,2025-06-05 22:10:31.617746,-29.445,0.000333
21,2025-06-05 22:10:59.504746,-40.365,0.000267
21,2025-06-05 22:11:00.767646,-31.395,6.7e-05
21,2025-06-05 22:11:02.508579,-31.98,0.000233
21,2025-06-05 22:12:00.569213,-28.665,6.7e-05
21,2025-06-05 22:13:29.145246,-32.955,0.0003
21,2025-06-05 22:13:52.560679,-31.2,0.0003
21,2025-06-05 22:14:09.217746,-29.25,0.0001
21,2025-06-05 22:14:53.762013,-32.955,0.000334
21,2025-06-05 22:15:54.587346,-28.47,6.7e-05
21,2025-06-05 22:17:01.113213,-27.105,0.000367
21,2025-06-05 22:17:06.096679,-35.1,6.6e-05
21,2025-06-05 22:17:30.706813,-26.91,6.7e-05
21,2025-06-05 22:17:39.308413,-28.47,6.7e-05
21,2025-06-05 22:19:36.897913,-43.095,0.000267
21,2025-06-05 22:20:24.206546,-27.885,6.7e-05
21,2025-06-05 22:20:33.456679,-26.715,0.0001
21,2025-06-05 22:21:03.835346,-26.91,6.7e-05
21,2025-06-05 22:21:08.614013,-33.93,6.7e-05
21,2025-06-05 22:21:47.833213,-34.32,3.4e-05
21,2025-06-05 22:21:53.055646,-31.59,0.0001
21,2025-06-05 22:23:52.249213,-32.76,6.7e-05
21,2025-06-05 22:26:05.232679,-30.03,0.000266
21,2025-06-05 22:26:05.403346,-32.955,0.000133
21,2025-06-05 22:26:21.889746,-28.86,6.7e-05
21,2025-06-05 22:28:17.192379,-32.175,0.000366
21,2025-06-05 22:29:43.105746,-35.685,6.7e-05
21,2025-06-05 22:29:43.754279,-30.81,6.6e-05
21,2025-06-05 22:29:52.287613,-27.105,0.0001
21,2025-06-05 22:30:21.096146,-29.445,3.3e-05
21,2025-06-05 22:31:02.192679,-34.71,6.6e-05
21,2025-06-05 22:32:34.250379,-30.615,0.000266
21,2025-06-05 22:32:54.900946,-35.685,3.3e-05
21,2025-06-05 22:33:02.922313,-36.27,6.7e-05
21,2025-06-05 22:35:43.314813,-37.245,6.7e-05
21,2025-06-05 22:37:33.872679,-29.055,3.3e-05
21,2025-06-05 22:38:02.783613,-31.785,3.4e-05
21,2025-06-05 22:38:36.712146,-38.61,3.3e-05
21,2025-06-05 22:39:14.770813,-31.785,6.7e-05
21,2025-06-05 22:39:16.955346,-30.03,6.7e-05
21,2025-06-05 22:39:31.905946,-29.835,0.000367
21,2025-06-05 22:39:59.622013,-28.08,6.7e-05
21,2025-06-05 22:40:13.138846,-30.42,0.0001
21,2025-06-05 22:41:22.736679,-30.81,0.0001
21,2025-06-05 22:41:28.744146,-37.635,0.000233
21,2025-06-05 22:41:52.466946,-29.64,0.000233
21,2025-06-05 22:42:12.366679,-33.15,0.000333
21,2025-06-05 22:43:09.471613,-40.95,3.4e-05
21,2025-06-05 22:44:01.047079,-27.105,3.3e-05
21,2025-06-05 22:44:25.725479,-31.005,3.3e-05
21,2025-06-05 22:45:14.604413,-31.395,0.0003
21,2025-06-05 22:45:46.996979,-37.05,0.0001
21,2025-06-05 22:45:53.926013,-35.88,3.4e-05
21,2025-06-05 22:46:02.049746,-31.59,3.3e-05
21,2025-06-05 22:47:03.011879,-29.64,0.000266
21,2025-06-05 22:48:05.066313,-31.005,0.000134
21,2025-06-05 22:48:26.263079,-27.3,3.3e-05
21,2025-06-05 22:48:57.904846,-38.415,0.000233
21,2025-06-05 22:51:12.526846,-30.615,0.000333
21,2025-06-05 22:51:53.145213,-29.835,0.000334
21,2025-06-05 22:52:35.368146,-34.32,6.7e-05
21,2025-06-05 22:52:54.312146,-33.345,0.0003
21,2025-06-05 22:53:54.011346,-30.81,0.000333
21,2025-06-05 22:54:40.262013,-32.37,0.000234
21,2025-06-05 22:54:57.328679,-30.42,3.3e-05
21,2025-06-05 22:55:26.615079,-29.055,0.0003
21,2025-06-05 22:55:29.892046,-33.15,0.000233
21,2025-06-05 22:56:10.988546,-38.415,0.000267
21,2025-06-05 22:56:22.320979,-31.98,0.000333
21,2025-06-05 22:56:28.601213,-27.69,0.000267
21,2025-06-05 22:56:49.900413,-30.615,3.4e-05
21,2025-06-05 22:57:49.360679,-29.445,6.6e-05
21,2025-06-05 22:58:28.955346,-27.3,6.7e-05
21,2025-06-05 22:58:36.191613,-28.665,6.7e-05
21,2025-06-05 22:58:48.957479,-26.325,6.6e-05
21,2025-06-05 22:59:37.631613,-27.885,0.000367
21,2025-06-05 22:59:50.056146,-36.66,3.3e-05
21,2025-06-05 23:00:10.160679,-31.98,3.3e-05
21,2025-06-05 23:00:15.792746,-34.71,0.0002
21,2025-06-05 23:00:43.304279,-27.69,0.000433
21,2025-06-05 23:01:03.818346,-27.495,0.0002
21,2025-06-05 23:01:37.234813,-30.81,0.000234
21,2025-06-05 23:03:00.759179,-31.395,0.000266
21,2025-06-05 23:03:10.760146,-30.81,3.3e-05
21,2025-06-05 23:03:33.629479,-26.325,3.3e-05
21,2025-06-05 23:03:51.378813,-28.47,3.4e-05
21,2025-06-05 23:05:56.340946,-33.54,0.0001
21,2025-06-05 23:06:08.287613,-28.08,0.000434
21,2025-06-05 23:06:12.144779,-32.76,0.0003
21,2025-06-05 23:06:25.012946,-28.665,3.3e-05
21,2025-06-05 23:06:47.028946,-26.13,0.000333
21,2025-06-05 23:07:25.531346,-31.2,0.000167
21,2025-06-05 23:08:07.242279,-27.885,0.0001
21,2025-06-05 23:08:22.158546,-26.91,0.0001
21,2025-06-05 23:08:47.451446,-33.54,0.000367
21,2025-06-05 23:10:15.617746,-34.905,3.3e-05
21,2025-06-05 23:10:37.463113,-30.81,6.7e-05
21,2025-06-05 23:10:37.497213,-33.54,3.4e-05
21,2025-06-05 23:11:42.145746,-33.93,6.7e-05
21,2025-06-05 23:11:59.417213,-30.42,6.7e-05
21,2025-06-05 23:14:12.093513,-30.81,6.7e-05
21,2025-06-05 23:16:28.148946,-27.105,3.3e-05
21,2025-06-05 23:17:01.053479,-27.69,0.000366
21,2025-06-05 23:18:40.859346,-30.03,6.7e-05
21,2025-06-05 23:19:05.332946,30.615,3.3e-05
21,2025-06-05 23:21:27.737379,-29.055,0.000266
21,2025-06-05 23:22:20.609846,-29.25,0.000167
21,2025-06-05 23:22:50.203346,-27.105,0.000267
21,2025-06-05 23:25:32.916946,-31.59,6.7e-05
21,2025-06-05 23:25:42.508413,-28.08,6.7e-05
21,2025-06-05 23:26:38.657779,-28.665,0.0001
21,2025-06-05 23:27:58.256679,-29.25,0.000133
21,2025-06-05 23:28:54.815779,-30.42,0.000366
21,2025-06-05 23:29:15.329746,-26.325,6.7e-05
21,2025-06-05 23:30:01.136846,-28.47,0.000267
21,2025-06-05 23:30:03.662613,-30.03,0.000134
21,2025-06-05 23:30:21.616779,-29.25,0.0002
21,2025-06-05 23:30:33.085479,-33.735,3.3e-05
21,2025-06-05 23:31:00.358046,-33.54,6.7e-05
21,2025-06-05 23:32:51.257213,-28.665,3.4e-05
21,2025-06-05 23:33:33.104679,-30.42,3.3e-05
21,2025-06-05 23:33:48.225746,-28.275,6.7e-05
21,2025-06-05 23:34:07.306279,-29.055,3.3e-05
21,2025-06-05 23:34:36.831813,-27.69,0.000267
21,2025-06-05 23:35:44.176879,-25.935,0.000233
21,2025-06-05 23:36:46.982013,-29.25,3.4e-05
21,2025-06-05 23:38:21.326546,-33.15,6.7e-05
21,2025-06-05 23:38:52.729413,-34.515,0.000334
21,2025-06-05 23:39:05.597479,-27.105,0.0003
21,2025-06-05 23:39:13.687146,-28.08,0.0002
21,2025-06-05 23:39:53.896146,-26.325,6.7e-05
21,2025-06-05 23:44:16.654679,-26.52,0.000266
21,2025-06-05 23:45:16.353779,-26.52,0.000166
21,2025-06-05 23:45:53.286013,-30.615,6.7e-05
21,2025-06-05 23:46:01.648679,-33.735,3.3e-05
21,2025-06-05 23:46:19.500413,-26.52,0.0004
21,2025-06-05 23:47:19.063079,-30.225,3.3e-05
21,2025-06-05 23:47:34.764413,-29.64,3.4e-05
21,2025-06-05 23:47:42.478813,-28.47,0.000334
21,2025-06-05 23:48:52.554279,-28.08,3.3e-05
21,2025-06-05 23:49:22.864679,-27.3,0.000266
21,2025-06-05 23:52:05.612413,-27.885,6.7e-05
21,2025-06-05 23:52:10.971346,-31.59,0.0002
21,2025-06-05 23:52:53.330879,-28.08,0.000166
21,2025-06-05 23:53:01.659413,-29.055,0.000367
21,2025-06-05 23:53:50.470013,-29.055,6.7e-05
21,2025-06-05 23:54:20.609746,-28.665,3.3e-05
21,2025-06-05 23:55:36.454146,-32.37,0.0002
21,2025-06-05 23:55:54.442413,-27.105,0.000267
21,2025-06-05 23:56:21.510046,-33.345,0.0003
21,2025-06-05 23:56:47.041746,-29.835,6.7e-05
21,2025-06-05 23:57:05.781013,-28.275,0.000334
21,2025-06-05 23:58:40.227879,-26.52,3.3e-05
21,2025-06-05 23:58:58.147879,-26.52,0.000233
21,2025-06-05 23:59:09.241213,-28.665,0.0001
21,2025-06-05 23:59:09.855646,-26.52,0.000367
21,2025-06-06 00:00:19.931346,-30.81,3.3e-05
21,2025-06-06 00:04:11.491879,-28.47,3.3e-05
21,2025-06-06 00:04:39.583646,-28.275,0.000333
21,2025-06-06 00:05:45.256146,-34.71,3.3e-05
21,2025-06-06 00:06:23.724413,-30.81,0.0001
21,2025-06-06 00:09:32.491486,-31.005,0.000233
21,2025-06-06 00:09:56.691986,-29.445,3.3e-05
21,2025-06-06 00:10:18.435153,-31.98,0.000267
21,2025-06-06 00:10:23.657353,-30.225,0.000234
21,2025-06-06 00:11:21.308519,-31.98,3.3e-05
21,2025-06-06 00:17:06.772019,-28.275,0.000166
21,2025-06-06 00:17:18.991919,-35.295,0.000266
21,2025-06-06 00:18:22.001919,-27.885,0.000233
21,2025-06-06 00:18:46.611986,-37.245,0.0001
21,2025-06-06 00:19:59.452519,-29.64,3.3e-05
21,2025-06-06 00:20:36.521319,34.32,3.3e-05
21,2025-06-06 00:20:42.460519,-32.955,3.3e-05
21,2025-06-06 00:21:56.946464,-30.81,0.000133
21,2025-06-06 00:23:03.700883,-29.445,0.000267
21,2025-06-06 00:23:04.007883,-31.2,3.3e-05
21,2025-06-06 00:24:48.797250,29.25,6.7e-05
21,2025-06-06 00:25:02.621216,-27.69,3.3e-05
21,2025-06-06 00:26:34.644783,-32.565,0.000233
21,2025-06-06 00:36:56.947385,-27.495,0.000133
21,2025-06-06 00:38:55.854886,-28.47,0.0003
21,2025-06-06 00:39:52.519107,-27.495,0.0003
21,2025-06-06 00:42:05.911974,-28.47,0.0003
21,2025-06-06 00:42:20.794107,-29.445,0.000266
21,2025-06-06 00:45:34.706634,-33.735,0.000234
21,2025-06-06 00:46:38.976508,-29.055,0.000366
21,2025-06-06 00:46:44.920122,-28.08,0.0001
21,2025-06-06 00:48:14.170478,-26.325,6.7e-05
21,2025-06-06 00:49:41.620178,-27.69,0.000267
21,2025-06-06 00:50:17.326443,-26.715,0.000333
21,2025-06-06 00:50:18.828276,-27.495,0.0001
21,2025-06-06 00:50:38.933010,-32.565,0.000334
21,2025-06-06 00:54:39.948310,-29.64,0.0003
21,2025-06-06 00:56:54.331210,-26.715,3.4e-05
21,2025-06-06 00:58:19.255076,-26.715,0.000266
21,2025-06-06 01:01:07.225076,-27.885,0.000333
21,2025-06-06 01:02:35.493876,-28.665,6.6e-05
21,2025-06-06 01:02:42.013343,29.055,3.3e-05
21,2025-06-06 01:03:08.535010,-27.495,0.000167
21,2025-06-06 01:05:51.965376,-28.08,0.0003
21,2025-06-06 01:05:55.515376,-26.715,0.000233
21,2025-06-06 01:06:33.710410,-34.905,3.4e-05
21,2025-06-06 01:06:59.481076,-32.565,3.3e-05
21,2025-06-06 01:08:36.010210,-33.93,0.000167
21,2025-06-06 01:08:56.251376,-30.225,0.0002
21,2025-06-06 01:09:50.660043,-28.08,0.000333
21,2025-06-06 01:10:11.105610,-27.495,0.000267
21,2025-06-06 01:10:26.090176,-28.665,0.000233
21,2025-06-06 01:10:38.890143,-30.03,3.3e-05
21,2025-06-06 01:11:41.193138,-26.325,0.0002
21,2025-06-06 01:13:47.815231,-28.86,3.3e-05
21,2025-06-06 01:14:06.691131,-27.885,0.0003
21,2025-06-06 01:14:51.405631,-27.3,6.7e-05
21,2025-06-06 01:16:12.813664,-29.445,6.6e-05
21,2025-06-06 01:18:37.982864,-27.3,0.000233
21,2025-06-06 01:21:03.663764,282.165,0.000233
21,2025-06-06 01:21:06.735764,-28.665,3.3e-05
21,2025-06-06 01:21:17.453664,-27.495,6.6e-05
21,2025-06-06 01:23:22.484031,-27.885,0.000133
21,2025-06-06 01:23:29.071764,-32.955,3.3e-05
21,2025-06-06 01:24:00.269631,-29.835,6.7e-05
21,2025-06-06 01:24:36.655764,-28.665,3.3e-05
21,2025-06-06 01:25:17.103764,-31.59,3.3e-05
21,2025-06-06 01:28:13.607231,-32.175,6.7e-05
21,2025-06-06 01:29:40.203549,-28.665,0.0001
21,2025-06-06 01:30:59.870749,-38.61,0.000233
21,2025-06-06 01:31:34.652616,-29.835,3.4e-05
21,2025-06-06 01:33:04.659058,-38.025,0.000334
21,2025-06-06 01:33:22.510724,-26.91,3.3e-05
21,2025-06-06 01:35:36.484058,-34.32,3.4e-05
21,2025-06-06 01:36:11.982891,-28.665,0.000333
21,2025-06-06 01:37:21.478191,-28.665,3.3e-05
21,2025-06-06 01:37:35.063258,-33.15,6.7e-05
21,2025-06-06 01:39:22.958724,-30.03,3.3e-05
21,2025-06-06 01:40:23.442991,-33.54,3.3e-05
21,2025-06-06 01:41:47.888858,-28.08,6.7e-05
21,2025-06-06 01:43:13.700058,-28.47,0.0001
21,2025-06-06 01:44:23.400324,-30.615,0.0001
21,2025-06-06 01:45:01.493124,-31.2,3.3e-05
21,2025-06-06 01:46:15.972058,-26.91,6.7e-05
21,2025-06-06 01:46:57.136858,-28.275,6.7e-05
21,2025-06-06 01:46:58.365858,-28.08,0.000234
21,2025-06-06 01:47:13.896424,-28.665,0.0003
21,2025-06-06 01:48:27.453658,-31.98,3.4e-05
21,2025-06-06 01:50:09.341891,-28.665,0.0003
21,2025-06-06 01:51:08.938491,-27.105,0.0002
21,2025-06-06 01:52:08.125658,-30.81,3.4e-05
21,2025-06-06 01:52:47.720324,-32.76,3.3e-05
21,2025-06-06 01:54:02.779524,-35.685,3.3e-05
21,2025-06-06 01:55:00.055258,-28.08,6.7e-05
21,2025-06-06 01:57:08.260091,-31.98,0.0001
21,2025-06-06 01:57:28.194091,-28.08,0.000267
21,2025-06-06 01:57:32.597124,-34.32,3.3e-05
21,2025-06-06 01:57:46.113991,-27.69,0.0003
21,2025-06-06 01:58:20.929924,-26.91,6.6e-05
21,2025-06-06 01:58:34.105424,-32.37,6.6e-05
21,2025-06-06 01:59:32.780591,-28.275,3.3e-05
21,2025-06-06 01:59:37.354658,-27.105,0.000367
21,2025-06-06 02:01:58.837191,-30.615,0.000267
21,2025-06-06 02:03:47.790724,-28.08,3.3e-05
21,2025-06-06 02:05:24.046724,-31.59,0.000366
21,2025-06-06 02:05:30.873391,-27.105,6.7e-05
21,2025-06-06 02:07:44.641924,-35.295,3.3e-05
21,2025-06-06 02:08:02.755963,-28.665,3.4e-05
21,2025-06-06 02:08:45.217829,-27.885,0.0001
21,2025-06-06 02:08:56.754929,-26.715,6.6e-05
21,2025-06-06 02:11:29.684226,-29.64,0.000366
21,2025-06-06 02:11:31.731960,-25.935,0.000134
21,2025-06-06 02:12:46.415693,-27.69,6.7e-05
21,2025-06-06 02:14:59.501560,-36.075,3.4e-05
21,2025-06-06 02:16:13.058893,-30.03,0.000267
21,2025-06-06 02:16:20.704760,-29.25,3.4e-05
21,2025-06-06 02:17:13.577360,-26.325,0.000167
21,2025-06-06 02:19:10.656231,-26.715,0.000134
21,2025-06-06 02:19:21.954364,-30.225,0.000267
21,2025-06-06 02:21:39.307031,-29.445,0.000267
21,2025-06-06 02:22:32.588964,-27.69,3.3e-05
21,2025-06-06 02:22:41.190831,-26.91,0.000334
21,2025-06-06 02:22:47.983231,-26.715,0.000334
21,2025-06-06 02:22:55.594831,-29.055,0.000334
21,2025-06-06 02:23:47.341197,-33.345,0.000333
21,2025-06-06 02:24:00.311631,-31.98,3.4e-05
21,2025-06-06 02:24:12.838564,-28.47,6.7e-05
21,2025-06-06 02:25:13.561764,-27.105,6.7e-05
21,2025-06-06 02:26:44.902564,-34.125,0.000267
21,2025-06-06 02:27:21.186297,-26.13,0.000133
21,2025-06-06 02:28:22.592497,-27.105,0.000366
21,2025-06-06 02:29:49.836964,-33.93,3.3e-05
21,2025-06-06 02:29:54.206031,-30.225,3.4e-05
21,2025-06-06 02:30:32.674364,-28.275,0.000133
21,2025-06-06 02:31:17.116097,-35.1,0.000266
21,2025-06-06 02:31:20.051364,-26.91,3.3e-05
21,2025-06-06 02:31:44.593231,-27.69,3.4e-05
21,2025-06-06 02:31:49.815631,-26.91,3.4e-05
21,2025-06-06 02:32:24.699897,-26.52,3.3e-05
21,2025-06-06 02:32:54.839631,-29.64,6.7e-05
21,2025-06-06 02:34:39.039021,-40.17,3.4e-05
21,2025-06-06 02:56:06.937654,-27.495,3.4e-05
21,2025-06-06 02:59:00.847020,-26.13,0.000366
21,2025-06-06 02:59:12.349987,-30.81,0.000233
21,2025-06-06 02:59:44.469420,-28.08,6.6e-05
21,2025-06-06 03:00:53.179787,-27.495,3.3e-05
21,2025-06-06 03:00:55.773954,-28.08,6.7e-05
21,2025-06-06 03:02:11.106187,-33.345,3.3e-05
21,2025-06-06 03:02:37.866754,-27.69,0.000134
21,2025-06-06 03:04:19.276854,-26.13,0.0001
21,2025-06-06 03:04:33.373954,-28.275,6.7e-05
21,2025-06-06 03:05:08.736187,-26.52,0.000267
21,2025-06-06 03:06:26.286987,-26.91,6.7e-05
21,2025-06-06 03:09:09.273887,-27.885,0.000433
21,2025-06-06 03:09:12.448054,-28.275,6.7e-05
21,2025-06-06 03:09:14.666887,-29.835,0.0003
21,2025-06-06 03:09:19.445620,-32.955,0.000266
21,2025-06-06 03:09:55.729120,-29.64,3.3e-05
21,2025-06-06 03:11:56.390454,-26.715,0.000234
21,2025-06-06 03:13:09.947987,-30.225,0.000233
21,2025-06-06 03:13:12.780854,-27.69,3.4e-05
21,2025-06-06 03:13:20.153654,-30.42,3.4e-05
21,2025-06-06 03:13:39.882720,-33.735,3.3e-05
21,2025-06-06 03:13:59.509387,-27.105,3.3e-05
21,2025-06-06 03:14:06.438654,-26.13,0.000334
21,2025-06-06 03:15:36.960120,-29.445,0.000233
21,2025-06-06 03:15:43.104054,-28.665,0.0001
21,2025-06-06 03:15:51.398487,-26.91,0.0002
21,2025-06-06 03:16:50.858720,-29.055,3.3e-05
21,2025-06-06 03:17:25.572554,-26.91,0.0003
21,2025-06-06 03:17:27.381454,-31.98,0.0003
21,2025-06-06 03:18:14.041687,-27.69,0.000133
21,2025-06-06 03:19:55.861387,-26.91,6.7e-05
21,2025-06-06 03:20:56.516320,-27.105,0.0001
21,2025-06-06 03:21:21.774987,-28.275,0.000167
21,2025-06-06 03:21:39.012520,-27.495,0.000333
21,2025-06-06 03:22:49.156320,-29.835,3.3e-05
21,2025-06-06 03:22:55.846554,-29.445,0.000134
21,2025-06-06 03:24:55.586187,-28.665,3.3e-05
21,2025-06-06 03:25:16.168620,-30.615,0.000133
21,2025-06-06 03:25:29.787820,-30.615,6.6e-05
21,2025-06-06 03:25:37.774987,-26.52,0.000133
21,2025-06-06 03:26:12.078987,-30.42,0.000367
21,2025-06-06 03:26:16.413920,-29.25,0.0001
21,2025-06-06 03:26:21.090187,-31.005,6.7e-05
21,2025-06-06 03:26:21.670454,-35.685,3.4e-05
21,2025-06-06 03:26:27.165920,-34.125,3.3e-05
21,2025-06-06 03:27:11.812320,-28.665,0.0003
21,2025-06-06 03:28:28.339420,-26.715,0.000233
21,2025-06-06 03:29:49.030554,-26.13,0.000234
21,2025-06-06 03:31:49.623520,-27.885,0.000133
21,2025-06-06 03:32:59.767554,-37.83,0.000334
21,2025-06-06 03:33:13.181920,-29.055,0.000166
21,2025-06-06 03:34:31.790987,-30.03,6.7e-05
21,2025-06-06 03:37:42.562187,-32.565,3.3e-05
21,2025-06-06 03:38:14.852320,-26.91,0.000133
21,2025-06-06 03:39:21.173387,-28.86,3.3e-05
21,2025-06-06 03:39:56.672054,-26.91,0.0003
21,2025-06-06 03:40:10.052320,-27.495,3.3e-05
21,2025-06-06 03:42:52.424620,-31.005,0.000333
21,2025-06-06 03:44:11.170320,-27.69,0.0004
21,2025-06-06 03:44:37.998987,-29.445,3.3e-05
21,2025-06-06 03:45:16.501387,-27.105,0.0003
21,2025-06-06 03:45:44.934454,-33.54,3.4e-05
21,2025-06-06 03:45:53.501920,-30.42,6.6e-05
21,2025-06-06 03:46:26.781920,27.495,3.3e-05
21,2025-06-06 03:46:50.061054,-26.325,0.000234
21,2025-06-06 03:47:10.848054,-30.615,3.4e-05
21,2025-06-06 03:47:46.141920,-30.03,3.3e-05
21,2025-06-06 03:48:00.614454,-35.1,6.7e-05
21,2025-06-06 03:48:45.738854,-31.59,0.0003
21,2025-06-06 03:49:13.591520,-43.095,3.3e-05
21,2025-06-06 03:49:18.028920,-28.47,0.000266
21,2025-06-06 03:52:25.352620,-26.91,0.0002
21,2025-06-06 03:52:37.606454,-26.13,0.0003
21,2025-06-06 03:52:40.814987,-27.105,3.3e-05
21,2025-06-06 03:54:23.214987,-30.615,3.3e-05
21,2025-06-06 03:55:02.434187,-27.3,0.000233
21,2025-06-06 03:57:21.049787,-26.13,0.0002
21,2025-06-06 03:57:55.831520,-38.22,3.3e-05
21,2025-06-06 03:59:01.333387,-28.08,6.7e-05
21,2025-06-06 03:59:57.312320,-29.835,0.000333
21,2025-06-06 04:00:22.980320,-27.3,3.3e-05
21,2025-06-06 04:00:45.030654,-26.13,0.0004
21,2025-06-06 04:00:58.513154,-30.615,0.0001
21,2025-06-06 04:03:03.475287,-25.545,0.000367
21,2025-06-06 04:03:38.223087,-27.3,0.0002
21,2025-06-06 04:05:14.240054,-29.64,3.4e-05
21,2025-06-06 04:05:59.125454,-31.59,0.000234
21,2025-06-06 04:09:16.347787,-28.08,0.000467
21,2025-06-06 04:09:42.903554,-31.395,0.000267
21,2025-06-06 04:09:46.897120,-28.275,0.000166
21,2025-06-06 04:10:29.563820,-28.86,0.0001
21,2025-06-06 04:10:39.257787,-30.03,0.0002
21,2025-06-06 04:14:05.832587,-26.13,3.3e-05
21,2025-06-06 04:14:22.284854,-29.25,3.4e-05
21,2025-06-06 04:16:35.644054,-28.86,0.0003
21,2025-06-06 04:16:45.679054,-31.98,0.0002
21,2025-06-06 04:17:10.835254,-25.74,0.000367
21,2025-06-06 04:19:00.642254,-31.395,0.0002
21,2025-06-06 04:19:02.314720,-35.49,3.3e-05
21,2025-06-06 04:20:58.538854,-27.885,0.0002
21,2025-06-06 04:22:17.420954,-31.395,0.0002
21,2025-06-06 04:22:21.175520,-33.735,3.3e-05
21,2025-06-06 04:24:04.497120,-26.13,0.0001
21,2025-06-06 04:24:34.397920,-26.715,3.3e-05
21,2025-06-06 04:25:17.440054,-34.32,3.4e-05
21,2025-06-06 04:26:57.757920,-31.005,0.000266
21,2025-06-06 04:26:59.601120,-30.225,6.6e-05
21,2025-06-06 04:27:25.952054,-35.88,3.4e-05
21,2025-06-06 04:30:09.348320,-25.935,0.0001
21,2025-06-06 04:30:28.087520,-30.03,3.3e-05
21,2025-06-06 04:30:56.759587,-28.86,0.000133
21,2025-06-06 04:32:41.446554,-29.445,0.000334
21,2025-06-06 04:33:04.691420,-27.69,0.000333
21,2025-06-06 04:33:10.220854,-26.91,3.4e-05
21,2025-06-06 04:33:53.945687,-28.08,0.000233
21,2025-06-06 04:34:02.717920,-26.325,6.6e-05
21,2025-06-06 04:35:06.888587,-26.52,0.0003
21,2025-06-06 04:36:53.486987,26.13,3.3e-05
21,2025-06-06 04:37:22.125054,-34.515,0.0003
21,2025-06-06 04:38:09.638487,-26.91,0.000133
21,2025-06-06 04:41:34.984587,-28.08,6.7e-05
21,2025-06-06 04:45:28.627254,-29.25,3.4e-05
21,2025-06-06 04:45:58.698720,-27.495,3.3e-05
21,2025-06-06 04:47:15.293954,-26.91,0.000134
21,2025-06-06 04:47:34.340320,-26.13,3.3e-05
21,2025-06-06 04:48:22.877920,-27.69,6.6e-05
21,2025-06-06 04:48:40.115254,-26.715,3.4e-05
21,2025-06-06 04:48:46.907787,-27.495,3.3e-05
21,2025-06-06 04:49:45.105120,-26.91,6.6e-05
21,2025-06-06 04:50:04.151820,-26.91,0.000333
21,2025-06-06 04:50:58.423520,-37.245,3.3e-05
21,2025-06-06 04:51:01.154420,-29.835,0.000266
21,2025-06-06 04:51:46.210387,-28.08,0.000267
21,2025-06-06 04:52:01.092320,-27.69,3.3e-05
21,2025-06-06 04:52:12.561320,-27.69,0.000366
21,2025-06-06 04:52:22.971787,-26.13,6.7e-05
21,2025-06-06 04:56:18.696587,-27.495,0.000167
21,2025-06-06 04:56:38.562187,-26.91,3.3e-05
21,2025-06-06 04:56:47.232054,-31.59,3.4e-05
21,2025-06-06 04:57:44.132320,-28.86,6.6e-05
21,2025-06-06 04:57:56.420320,-26.91,3.3e-05
21,2025-06-06 04:58:01.437920,-25.935,6.6e-05
21,2025-06-06 04:59:17.657720,-26.91,0.0002
21,2025-06-06 05:00:28.484320,-32.955,3.3e-05
21,2025-06-06 05:03:42.941920,-29.835,0.0001
21,2025-06-06 05:04:49.741020,-26.91,0.0003
21,2025-06-06 05:05:40.701920,-27.105,0.000333
21,2025-06-06 05:06:53.030454,-32.76,3.4e-05
21,2025-06-06 05:07:11.462620,-27.105,0.000233
21,2025-06-06 05:09:07.379254,-28.08,6.7e-05
21,2025-06-06 05:11:13.945654,-25.935,0.0001
21,2025-06-06 05:11:35.620320,-30.03,3.3e-05
21,2025-06-06 05:13:18.225220,-30.42,0.000333
21,2025-06-06 05:19:14.031087,-25.74,0.000267
21,2025-06-06 05:21:54.048054,-26.325,3.4e-05
21,2025-06-06 05:22:59.515787,-31.2,3.3e-05
21,2025-06-06 05:23:19.415520,-32.955,3.3e-05
21,2025-06-06 05:23:47.336787,-25.545,0.0003
21,2025-06-06 05:24:30.788320,-31.785,3.3e-05
21,2025-06-06 05:24:35.362220,-30.81,0.000133
21,2025-06-06 05:25:11.509387,-29.835,3.3e-05
21,2025-06-06 05:25:20.008587,-30.03,0.000333
21,2025-06-06 05:25:48.373387,-26.13,6.7e-05
21,2025-06-06 05:28:30.711520,-30.615,0.0003
21,2025-06-06 05:29:46.077954,-27.69,0.000234
21,2025-06-06 05:30:45.333454,-34.32,0.0002
21,2025-06-06 05:30:54.651954,-31.395,0.000267
21,2025-06-06 05:32:27.323787,-30.615,3.3e-05
21,2025-06-06 05:34:06.549387,-27.105,3.3e-05
21,2025-06-06 05:34:08.699787,-27.69,6.7e-05
21,2025-06-06 05:35:01.777120,-26.715,0.000333
21,2025-06-06 05:41:10.758454,-28.08,6.7e-05
21,2025-06-06 05:41:23.797420,-27.69,6.6e-05
21,2025-06-06 05:42:55.172320,-29.64,0.0001
21,2025-06-06 05:44:56.311554,-26.91,0.000334
21,2025-06-06 05:45:03.308854,-33.345,3.4e-05
21,2025-06-06 05:45:42.459920,-26.52,0.000166
21,2025-06-06 05:50:31.330354,-30.03,0.000234
21,2025-06-06 05:51:01.333587,-29.64,0.000233
21,2025-06-06 05:51:27.923454,-30.42,0.000234
21,2025-06-06 05:55:09.482720,-27.69,0.0003
21,2025-06-06 05:56:45.295154,-26.52,0.0002
21,2025-06-06 05:57:00.586720,-31.005,0.000333
21,2025-06-06 05:58:15.680054,-25.74,6.7e-05
21,2025-06-06 05:59:48.454454,-27.885,0.0003
21,2025-06-06 05:59:49.853920,-26.52,0.000366
21,2025-06-06 06:00:16.785120,-25.545,0.000133
21,2025-06-06 06:00:37.708854,-31.785,6.7e-05
21,2025-06-06 06:01:43.961654,-25.74,0.0002
21,2025-06-06 06:03:06.735087,-26.325,0.0002
21,2025-06-06 06:04:50.363787,-25.545,3.3e-05
21,2025-06-06 06:06:01.941420,-28.665,6.6e-05
21,2025-06-06 06:06:11.089120,-28.47,3.3e-05
21,2025-06-06 06:06:31.466787,-26.325,0.000267
21,2025-06-06 06:07:37.036854,-29.445,6.7e-05
21,2025-06-06 06:10:43.200120,-25.935,0.000266
21,2025-06-06 06:12:34.235787,-26.52,0.0001
21,2025-06-06 06:12:52.940854,-29.25,3.4e-05
21,2025-06-06 06:13:57.555320,-25.545,0.000166
21,2025-06-06 06:18:46.391554,-30.03,0.0001
21,2025-06-06 06:20:42.786254,-28.08,0.0004
21,2025-06-06 06:21:08.113120,-27.3,3.3e-05
21,2025-06-06 06:21:10.980320,-29.64,3.3e-05
21,2025-06-06 06:21:42.724320,-26.13,6.6e-05
21,2025-06-06 06:23:27.411387,-27.3,0.000233
21,2025-06-06 06:24:25.506220,-26.13,0.0003
21,2025-06-06 06:24:25.813487,-32.175,0.000267
21,2025-06-06 06:24:37.487187,-27.69,0.000233
21,2025-06-06 06:32:12.894254,-26.13,0.0004
21,2025-06-06 06:32:18.423520,-27.885,6.6e-05
21,2025-06-06 06:32:45.388854,-32.37,0.0002
21,2025-06-06 06:33:11.944587,-26.91,3.3e-05
21,2025-06-06 06:34:01.164854,-29.445,0.0001
21,2025-06-06 06:35:37.454987,-26.325,0.0001
21,2025-06-06 06:38:17.267254,-27.105,0.0001
21,2025-06-06 06:38:56.008620,-29.835,0.000133
21,2025-06-06 06:40:02.602720,-29.055,3.3e-05
21,2025-06-06 06:40:25.949987,-26.325,0.000133
21,2025-06-06 06:41:15.443254,-28.08,3.4e-05
21,2025-06-06 06:43:02.178220,-30.225,0.000266
21,2025-06-06 06:44:29.627787,-27.3,6.7e-05
21,2025-06-06 06:44:44.851254,-29.835,6.7e-05
21,2025-06-06 06:45:37.826187,-31.59,3.3e-05
21,2025-06-06 06:46:40.051454,-27.105,0.000434
21,2025-06-06 06:46:59.541520,-25.545,0.000266
21,2025-06-06 06:47:24.868387,-31.2,0.0002
21,2025-06-06 06:51:49.435787,-25.155,3.3e-05
21,2025-06-06 06:52:22.340687,-25.545,0.0004
21,2025-06-06 06:52:29.747454,-25.935,0.000234
21,2025-06-06 06:52:38.212320,-29.055,3.3e-05
21,2025-06-06 06:52:54.186720,-30.225,3.3e-05
21,2025-06-06 06:56:06.118454,-28.08,0.000167
21,2025-06-06 06:56:23.936054,-31.98,0.0001
21,2025-06-06 07:01:57.077387,-27.69,0.0001
21,2025-06-06 07:04:48.699820,-30.42,0.0002
21,2025-06-06 07:11:33.657654,-30.615,0.0001
21,2025-06-06 07:15:54.060854,-25.155,6.7e-05
21,2025-06-06 07:20:46.003254,-27.105,3.4e-05
21,2025-06-06 07:24:33.262987,-27.69,0.000267
21,2025-06-06 07:24:35.038020,-30.42,0.000233
21,2025-06-06 07:26:28.292520,-25.35,0.000433
21,2025-06-06 07:26:50.479020,-25.74,0.0003
21,2025-06-06 07:28:09.122187,-27.3,0.000267
21,2025-06-06 07:28:16.802287,-29.64,0.0004
21,2025-06-06 07:29:11.552320,-25.74,0.000333
21,2025-06-06 07:30:37.568054,-28.47,3.4e-05
21,2025-06-06 07:32:46.865120,-31.98,3.3e-05
21,2025-06-06 07:33:22.090720,-26.91,3.3e-05
21,2025-06-06 07:35:38.658187,-26.13,3.3e-05
21,2025-06-06 07:37:33.278054,-25.74,0.000334
21,2025-06-06 07:39:05.267254,-27.495,3.4e-05
21,2025-06-06 08:03:41.431520,-25.935,6.6e-05
21,2025-06-06 08:08:27.264054,-25.545,3.4e-05
21,2025-06-06 08:17:43.125387,-25.935,3.3e-05
21,2025-06-06 08:24:57.847520,-27.3,3.3e-05
21,2025-06-06 08:29:20.401120,-25.35,0.0001
21,2025-06-06 08:34:51.494620,-26.13,0.0003
21,2025-06-06 08:40:09.685387,-28.665,3.3e-05
21,2025-06-06 08:46:47.373054,-25.155,0.000234
21,2025-06-06 08:49:14.350987,-26.325,3.3e-05
21,2025-06-06 08:53:48.885420,-26.52,6.6e-05
21,2025-06-06 08:58:16.115354,-26.715,0.0003
21,2025-06-06 09:00:39.748354,-30.615,0.0003
21,2025-06-06 09:03:06.760587,-27.495,0.0001
21,2025-06-06 09:05:25.614987,-25.935,0.000433
21,2025-06-06 09:18:21.329254,-25.545,0.000234
21,2025-06-06 09:25:40.386187,-25.35,3.3e-05
21,2025-06-06 09:26:28.377787,-25.545,0.000333
21,2025-06-06 09:50:12.283787,-25.35,3.3e-05
21,2025-06-06 10:02:53.593654,-26.715,3.4e-05
21,2025-06-06 10:04:20.224054,-25.545,3.4e-05
21,2025-06-06 10:12:49.015520,-25.935,0.0001
21,2025-06-06 17:36:02.062464,1019.07,3.3e-05
21,2025-06-08 22:54:40.630439,67.86,0.000266
21,2025-06-08 22:55:21.590473,263.055,0.000134
21,2025-06-08 22:55:21.761106,28.86,0.000333
21,2025-06-08 22:55:36.848039,151.125,0.0002
21,2025-06-08 22:58:03.028502,268.905,0.000133
21,2025-06-08 23:11:33.260692,149.565,0.0002
21,2025-06-08 23:12:41.868692,216.45,0.000167
21,2025-06-08 23:13:04.669758,264.81,0.000133
21,2025-06-08 23:14:35.600958,69.81,0.000266
21,2025-06-08 23:19:06.543349,266.565,0.000133
21,2025-06-08 23:19:06.713982,27.105,0.000366
21,2025-06-08 23:19:07.464949,256.62,0.000133
21,2025-06-08 23:22:51.447849,69.81,0.000267
21,2025-06-08 23:22:52.369449,100.62,0.000233
21,2025-06-08 23:23:32.783316,25.155,0.000367
21,2025-06-08 23:24:31.936416,258.57,0.000134
21,2025-06-09 01:59:35.404114,252.72,0.000134
21,2025-06-09 02:03:05.283611,99.645,0.000267
21,2025-06-09 02:05:40.354672,1056.12,3.4e-05
21,2025-06-09 02:05:40.525372,-58.5,0.000567
21,2025-06-09 02:05:41.276272,698.685,0.000167
21,2025-06-09 02:05:41.446938,112.71,0.000433
21,2025-06-09 02:07:40.981872,122.655,0.000167
21,2025-06-09 02:11:12.335538,-155.22,0.0004
21,2025-06-09 02:11:12.506138,-31.98,0.000833
21,2025-06-09 02:11:13.086405,151.515,0.000333
21,2025-06-09 02:11:13.257072,76.635,0.0006
21,2025-06-09 03:37:17.818644,1163.76,0.000133
21,2025-06-09 03:37:47.207411,69.615,0.0004
21,2025-06-09 03:38:06.561011,228.93,0.000267
21,2025-06-09 03:38:06.731677,-110.175,0.000566
21,2025-06-09 03:38:13.626611,-33.735,0.000634
21,2025-06-09 03:38:14.377544,367.575,0.000233
21,2025-06-09 03:38:15.299177,1288.95,0.000133
21,2025-06-09 03:38:35.949811,25.35,0.000434
21,2025-06-09 03:38:50.285811,58.695,0.000367
21,2025-06-09 03:38:55.269311,1126.32,0.000167
21,2025-06-09 03:38:55.440044,-93.795,0.000433
21,2025-06-09 03:38:55.610611,-31.2,0.0008
21,2025-06-09 03:39:11.277811,1083.03,0.000134
21,2025-06-09 03:39:44.762677,-36.075,0.000366
21,2025-06-09 03:40:08.690177,1060.41,0.000133
21,2025-06-09 03:40:28.351077,-66.69,0.000566
21,2025-06-09 03:40:48.762611,66.495,0.0004
21,2025-06-09 03:42:20.581277,293.865,0.000166
21,2025-06-09 03:42:35.019677,137.67,3.3e-05
21,2025-06-09 03:42:40.583477,565.695,0.000133
21,2025-06-09 03:43:24.615411,-48.75,0.000767
21,2025-06-09 03:43:39.702477,-29.64,0.0005
21,2025-06-09 03:43:59.602077,58.305,0.000266
21,2025-06-09 03:44:04.892811,-57.915,0.000567
21,2025-06-09 03:44:25.406911,-27.495,0.000567
21,2025-06-09 03:44:44.794611,247.455,0.000134
21,2025-06-09 03:45:58.249644,-37.83,0.0005
21,2025-06-09 03:46:51.600011,27.105,0.0008
21,2025-06-09 03:47:51.469811,154.05,0.0002
21,2025-06-09 03:48:06.556844,1367.34,0.000133
21,2025-06-09 03:49:14.686877,37.635,0.0003
21,2025-06-09 03:49:49.025011,56.55,0.000267
21,2025-06-09 03:50:48.621811,849.42,0.0002
21,2025-06-09 03:50:48.792511,-37.635,0.000667
21,2025-06-09 03:50:54.765811,359.58,0.0002
21,2025-06-09 03:51:09.102011,25.935,0.000634
21,2025-06-09 03:51:23.540411,-32.565,0.000367
21,2025-06-09 03:51:47.433611,817.83,0.000134
21,2025-06-09 03:52:07.094377,1464.06,0.000133
21,2025-06-09 03:52:07.265177,-37.44,0.0006
21,2025-06-09 03:52:41.944577,731.25,0.000133
21,2025-06-09 03:53:10.684744,31.785,0.0003
21,2025-06-09 03:53:25.054877,212.355,0.0002
21,2025-06-09 04:58:31.712652,-3040.83,0.000233
22,2025-06-05 15:21:54.914324,-33.15,0.000866
22,2025-06-05 16:56:48.343022,-30.81,3.3e-05
22,2025-06-05 21:13:06.506279,-26.715,3.3e-05
22,2025-06-06 17:36:02.062464,274.95,6.6e-05
22,2025-06-08 22:54:40.630439,63.765,0.000266
22,2025-06-08 22:55:21.590473,284.115,0.000134
22,2025-06-08 22:55:21.761106,42.705,0.000333
22,2025-06-08 22:55:36.848039,150.345,0.0002
22,2025-06-08 22:58:03.028502,279.63,0.000133
22,2025-06-08 23:11:33.260692,158.925,0.0002
22,2025-06-08 23:12:41.868692,227.955,0.000167
22,2025-06-08 23:13:04.669758,279.825,0.000133
22,2025-06-08 23:14:21.503892,33.15,0.000334
22,2025-06-08 23:14:35.600958,59.67,0.000266
22,2025-06-08 23:19:06.543349,275.535,0.000133
22,2025-06-08 23:19:06.713982,28.47,0.000366
22,2025-06-08 23:19:07.464949,274.365,0.000133
22,2025-06-08 23:22:51.447849,69.81,0.000267
22,2025-06-08 23:22:52.369449,97.305,0.000233
22,2025-06-08 23:23:32.783316,31.59,0.000367
22,2025-06-08 23:24:31.936416,272.805,0.000134
22,2025-06-08 23:24:32.107049,27.885,0.000367
22,2025-06-09 01:59:35.404014,-274.56,3.4e-05
22,2025-06-09 02:03:05.283611,99.645,0.000267
22,2025-06-09 02:05:40.525438,-63.765,0.000633
22,2025-06-09 02:05:40.696005,68.055,0.000933
22,2025-06-09 02:05:41.276272,820.365,0.000167
22,2025-06-09 02:05:41.447338,211.38,0.0008
22,2025-06-09 02:07:40.981872,375.57,0.0003
22,2025-06-09 02:11:12.335705,-411.255,0.000567
22,2025-06-09 02:11:12.506138,-129.675,0.000966
22,2025-06-09 02:11:13.086438,180.96,0.000366
22,2025-06-09 02:11:13.257338,203.385,0.000833
22,2025-06-09 03:37:17.818677,1674.46,0.000166
22,2025-06-09 03:37:37.615944,-107.64,0.000967
22,2025-06-09 03:37:47.207411,379.86,0.0004
22,2025-06-09 03:38:01.543411,133.575,0.000534
22,2025-06-09 03:38:06.561011,1271.01,0.000267
22,2025-06-09 03:38:06.731877,-206.7,0.0009
22,2025-06-09 03:38:07.482611,277.485,0.000434
22,2025-06-09 03:38:13.626611,116.025,0.0006
22,2025-06-09 03:38:13.797277,43.29,0.0009
22,2025-06-09 03:38:14.377544,961.935,0.0002
22,2025-06-09 03:38:14.548211,196.17,0.000567
22,2025-06-09 03:38:15.299211,1665.3,0.000134
22,2025-06-09 03:38:15.469811,265.785,0.000467
22,2025-06-09 03:38:15.640477,66.495,0.000866
22,2025-06-09 03:38:35.949877,85.605,0.0005
22,2025-06-09 03:38:50.285811,350.025,0.000367
22,2025-06-09 03:38:55.439944,204.36,0.000467
22,2025-06-09 03:39:11.277844,2050.43,0.000167
22,2025-06-09 03:39:30.324211,159.12,0.0006
22,2025-06-09 03:39:44.762977,-274.365,0.000666
22,2025-06-09 03:40:13.468877,-210.405,0.000833
22,2025-06-09 03:40:28.350877,431.535,0.000366
22,2025-06-09 03:40:28.521544,52.65,0.0008
22,2025-06-09 03:40:48.762611,328.965,0.000367
22,2025-06-09 03:40:53.575411,-224.055,0.000867
22,2025-06-09 03:41:03.132744,239.655,0.0005
22,2025-06-09 03:42:10.341277,-125.385,0.000966
22,2025-06-09 03:42:20.581277,337.935,0.000166
22,2025-06-09 03:42:35.019677,783.705,3.3e-05
22,2025-06-09 03:42:35.122077,-39.195,0.000766
22,2025-06-09 03:42:40.583477,1092.19,0.000133
22,2025-06-09 03:42:45.362077,-175.305,0.000833
22,2025-06-09 03:43:19.666077,182.13,0.0005
22,2025-06-09 03:43:24.615411,127.14,0.000734
22,2025-06-09 03:43:39.702577,-239.265,0.0006
22,2025-06-09 03:43:50.044777,-261.885,0.000666
22,2025-06-09 03:43:59.602077,587.73,0.000133
22,2025-06-09 03:44:04.892744,172.965,0.0005
22,2025-06-09 03:44:25.407044,-237.12,0.000567
22,2025-06-09 03:44:44.794611,1145.82,0.000267
22,2025-06-09 03:44:51.109377,-248.04,0.0006
22,2025-06-09 03:45:05.513577,-302.64,0.0007
22,2025-06-09 03:45:19.849544,-333.255,0.0007
22,2025-06-09 03:45:29.475377,-196.17,0.0005
22,2025-06-09 03:45:58.249811,-296.4,0.000667
22,2025-06-09 03:46:26.887511,1158.3,0.000134
22,2025-06-09 03:46:51.600211,-389.22,0.000834
22,2025-06-09 03:47:16.346611,55.575,0.000967
22,2025-06-09 03:47:51.469811,155.025,0.0002
22,2025-06-09 03:47:56.316744,-194.61,0.0006
22,2025-06-09 03:48:06.898077,136.5,0.000633
22,2025-06-09 03:49:00.351311,-256.23,0.000667
22,2025-06-09 03:49:14.686944,200.07,0.000367
22,2025-06-09 03:49:48.308211,-171.015,0.000867
22,2025-06-09 03:49:49.025111,229.71,0.000367
22,2025-06-09 03:49:53.803677,65.52,0.000933
22,2025-06-09 03:50:48.621811,1936.35,0.0002
22,2025-06-09 03:50:48.792477,113.685,0.0006
22,2025-06-09 03:50:54.765811,1423.31,6.7e-05
22,2025-06-09 03:51:09.101811,195.78,0.000434
22,2025-06-09 03:51:23.540211,326.235,0.000167
22,2025-06-09 03:51:47.433611,1319.95,0.000134
22,2025-06-09 03:51:52.280477,351.975,0.000166
22,2025-06-09 03:52:07.094411,1958.58,0.000167
22,2025-06-09 03:52:07.265011,294.255,0.000434
22,2025-06-09 03:52:18.051144,-105.495,0.000733
22,2025-06-09 03:52:56.349044,-210.015,0.000567
22,2025-06-09 03:53:25.054877,224.835,0.0002
22,2025-06-09 04:46:48.839152,25.74,0.000533
22,2025-06-09 05:13:25.200295,28.86,0.0008
22,2025-06-09 05:18:05.093529,27.3,0.000334
23,2025-06-05 14:05:12.328452,40.95,3.3e-05
23,2025-06-05 14:15:02.332834,40.95,0.000633
23,2025-06-05 14:34:03.004824,-31.785,0.000866
23,2025-06-05 14:34:39.935458,-39.78,3.4e-05
23,2025-06-05 14:34:59.425624,-53.82,6.6e-05
23,2025-06-05 14:36:20.117024,35.685,0.000966
23,2025-06-05 14:40:49.940791,-32.76,0.000433
23,2025-06-05 14:41:09.157858,43.485,3.4e-05
23,2025-06-05 14:41:44.281191,44.265,0.0002
23,2025-06-05 14:41:51.210124,-46.02,3.3e-05
23,2025-06-05 14:42:17.561324,35.685,0.000933
23,2025-06-05 14:50:49.868958,-47.58,0.000434
23,2025-06-05 14:53:47.464691,-39.975,0.000833
23,2025-06-05 14:54:01.663458,-52.26,3.4e-05
23,2025-06-05 14:55:31.435558,40.365,3.4e-05
23,2025-06-05 15:02:31.137924,40.56,0.000366
23,2025-06-05 15:04:10.671124,-40.56,0.000966
23,2025-06-05 15:30:57.326591,-89.115,0.0005
23,2025-06-05 15:32:18.324791,36.855,3.3e-05
23,2025-06-05 15:36:16.780258,-36.075,6.7e-05
23,2025-06-05 15:39:10.177958,35.295,0.000634
23,2025-06-05 15:46:05.364889,38.61,0.000367
23,2025-06-05 15:56:50.177689,-38.415,3.3e-05
23,2025-06-05 16:15:57.125956,-36.855,3.4e-05
23,2025-06-05 16:29:47.351022,-39.195,3.3e-05
23,2025-06-05 16:43:48.635289,-36.465,3.3e-05
23,2025-06-05 17:33:15.389325,-107.055,6.7e-05
23,2025-06-05 17:33:42.559458,-42.9,0.0004
23,2025-06-05 17:34:35.433492,-118.56,0.0008
23,2025-06-05 17:35:30.830392,-39.585,0.000467
23,2025-06-05 17:37:19.101325,47.775,3.3e-05
23,2025-06-05 18:03:35.386751,-87.75,0.0006
23,2025-06-05 18:17:06.394751,-33.93,3.3e-05
23,2025-06-05 18:21:23.180818,-152.295,3.4e-05
23,2025-06-05 18:31:36.701479,-30.81,3.3e-05
23,2025-06-05 18:35:24.131879,-34.71,6.6e-05
23,2025-06-05 18:37:08.989479,-32.955,3.3e-05
23,2025-06-05 18:38:04.524413,-34.905,3.4e-05
23,2025-06-05 19:10:31.387346,-37.245,3.3e-05
23,2025-06-05 19:22:15.182546,-36.27,3.3e-05
23,2025-06-05 19:37:22.275879,-32.37,3.3e-05
23,2025-06-05 20:09:21.729746,-29.445,3.3e-05
23,2025-06-05 20:15:22.450813,-29.64,3.4e-05
23,2025-06-05 20:45:15.508946,-33.15,3.3e-05
23,2025-06-05 20:47:45.183613,-34.71,3.4e-05
23,2025-06-05 20:49:27.651879,-41.535,3.3e-05
23,2025-06-05 21:20:30.990546,-30.81,6.7e-05
23,2025-06-05 21:30:29.894013,-34.71,3.4e-05
23,2025-06-05 21:34:15.515346,-31.785,3.3e-05
23,2025-06-05 21:34:27.086546,-31.2,6.7e-05
23,2025-06-05 21:49:26.056146,-30.42,6.7e-05
23,2025-06-05 21:59:35.336146,-31.395,3.3e-05
23,2025-06-05 22:01:19.067346,-38.22,3.3e-05
23,2025-06-05 22:26:22.128746,-35.685,0.0001
23,2025-06-05 22:29:54.984146,-30.225,3.3e-05
23,2025-06-05 22:43:49.885479,-30.81,0.0001
23,2025-06-05 22:59:44.185213,-29.64,0.0001
23,2025-06-05 23:00:22.073213,-30.03,0.0001
23,2025-06-05 23:03:51.139879,-29.64,6.6e-05
23,2025-06-05 23:11:09.241213,-34.71,3.4e-05
23,2025-06-05 23:17:49.795879,-34.905,3.3e-05
23,2025-06-05 23:29:03.485479,-28.86,6.6e-05
23,2025-06-05 23:29:37.891879,-29.445,3.3e-05
23,2025-06-05 23:38:59.078013,-37.635,3.4e-05
23,2025-06-06 00:27:57.008416,-31.98,3.3e-05
23,2025-06-06 00:33:04.682195,-39.39,3.3e-05
23,2025-06-06 00:40:20.576507,-31.395,3.3e-05
23,2025-06-06 00:47:06.628922,-38.805,3.3e-05
23,2025-06-06 01:12:43.781098,-36.66,3.4e-05
23,2025-06-06 01:23:10.605631,-36.27,3.3e-05
23,2025-06-06 01:24:29.999764,-36.075,3.3e-05
23,2025-06-06 01:35:23.479258,-35.49,6.7e-05
23,2025-06-06 01:44:51.901658,-34.71,3.4e-05
23,2025-06-06 01:53:05.606191,-35.295,3.3e-05
23,2025-06-06 01:54:54.047791,-33.15,3.3e-05
23,2025-06-06 02:03:01.062191,-32.565,6.7e-05
23,2025-06-06 02:16:42.447693,-42.12,3.3e-05
23,2025-06-06 02:21:35.825231,-45.63,3.4e-05
23,2025-06-06 02:21:52.345764,-42.51,3.3e-05
23,2025-06-06 02:33:30.669954,-35.88,6.7e-05
23,2025-06-06 02:37:00.398987,-45.24,3.3e-05
23,2025-06-06 02:42:35.758987,-32.955,6.7e-05
23,2025-06-06 03:02:38.003254,-31.395,6.7e-05
23,2025-06-06 03:07:01.137120,-30.03,6.6e-05
23,2025-06-06 03:13:43.432587,-37.635,3.3e-05
23,2025-06-06 03:17:32.125920,-28.08,6.6e-05
23,2025-06-06 03:22:06.216587,-35.49,3.3e-05
23,2025-06-06 03:22:20.586720,-27.69,0.000166
23,2025-06-06 03:42:03.272587,-34.515,3.3e-05
23,2025-06-06 03:42:20.817120,-34.125,3.3e-05
23,2025-06-06 03:48:29.661920,-31.785,3.3e-05
23,2025-06-06 03:52:54.126987,-29.055,3.3e-05
23,2025-06-06 03:54:02.359520,-29.835,3.3e-05
23,2025-06-06 03:59:51.031520,-36.465,6.6e-05
23,2025-06-06 04:10:05.397387,-32.565,3.3e-05
23,2025-06-06 04:13:44.669920,-38.22,3.3e-05
23,2025-06-06 04:18:42.039520,-51.87,3.3e-05
23,2025-06-06 04:19:40.134454,-31.2,0.000134
23,2025-06-06 04:24:15.283254,-33.735,6.7e-05
23,2025-06-06 04:32:17.518987,-31.98,3.3e-05
23,2025-06-06 04:35:54.538720,-40.17,3.3e-05
23,2025-06-06 04:43:26.498187,-34.71,3.3e-05
23,2025-06-06 04:54:30.425654,-29.445,0.0001
23,2025-06-06 04:57:18.566454,-38.805,3.4e-05
23,2025-06-06 04:59:18.237920,-48.75,3.3e-05
23,2025-06-06 04:59:44.930220,-33.735,6.6e-05
23,2025-06-06 05:01:37.467787,-35.685,6.7e-05
23,2025-06-06 05:03:35.808054,-33.15,6.7e-05
23,2025-06-06 05:04:11.579787,-33.15,6.7e-05
23,2025-06-06 05:08:26.965387,-32.37,6.7e-05
23,2025-06-06 05:13:06.312587,-43.29,3.3e-05
23,2025-06-06 05:19:27.274720,-32.565,3.3e-05
23,2025-06-06 05:21:12.985654,-37.05,6.7e-05
23,2025-06-06 05:26:22.370187,-30.81,6.7e-05
23,2025-06-06 05:27:49.785654,-28.665,6.7e-05
23,2025-06-06 05:30:40.315787,-35.295,3.3e-05
23,2025-06-06 05:30:56.870454,-37.05,3.4e-05
23,2025-06-06 05:42:43.191520,-40.56,3.3e-05
23,2025-06-06 05:49:05.075254,-28.275,3.4e-05
23,2025-06-06 05:50:04.296620,-28.86,6.6e-05
23,2025-06-06 05:50:25.937120,-30.225,0.0001
23,2025-06-06 05:51:46.867254,-32.565,6.7e-05
23,2025-06-06 05:54:26.747787,-35.88,6.7e-05
23,2025-06-06 05:58:56.196320,-30.615,6.6e-05
23,2025-06-06 05:59:43.027254,-47.385,3.4e-05
23,2025-06-06 06:05:26.374454,-33.15,3.4e-05
23,2025-06-06 06:14:41.860320,-39.0,6.6e-05
23,2025-06-06 06:16:39.347254,-31.005,6.7e-05
23,2025-06-06 06:20:22.579254,-32.175,6.7e-05
23,2025-06-06 06:21:36.785120,-34.905,3.3e-05
23,2025-06-06 06:25:05.373920,-45.63,3.3e-05
23,2025-06-06 06:27:12.418220,-36.27,6.6e-05
23,2025-06-06 06:34:18.880054,-31.005,3.4e-05
23,2025-06-06 06:36:21.350454,-32.76,3.4e-05
23,2025-06-06 06:36:53.606454,-43.485,3.4e-05
23,2025-06-06 06:39:13.723787,-33.735,3.3e-05
23,2025-06-06 06:45:58.306187,-37.245,6.7e-05
23,2025-06-06 07:06:43.319520,-32.565,6.6e-05
23,2025-06-06 07:11:14.611254,-34.125,6.7e-05
23,2025-06-06 07:17:23.456054,-37.83,6.7e-05
23,2025-06-06 07:19:43.129654,-36.465,3.4e-05
23,2025-06-06 07:23:05.198987,-31.785,6.7e-05
23,2025-06-06 07:28:25.437920,-32.37,6.6e-05
23,2025-06-06 07:31:55.494454,-32.955,3.4e-05
23,2025-06-06 07:33:14.410754,-30.81,0.0002
23,2025-06-06 07:36:03.916854,-29.445,6.7e-05
23,2025-06-06 07:49:36.768087,-28.08,0.0001
23,2025-06-06 07:52:46.890720,-36.075,0.0001
23,2025-06-06 07:55:40.458720,-38.22,6.6e-05
23,2025-06-06 08:02:28.625120,-37.83,3.3e-05
23,2025-06-06 08:07:43.368587,-30.225,3.3e-05
23,2025-06-06 08:08:02.551520,-38.415,3.3e-05
23,2025-06-06 08:11:45.134987,-35.1,3.3e-05
23,2025-06-06 08:16:27.349387,-35.685,6.7e-05
23,2025-06-06 08:18:11.592587,-27.69,3.3e-05
23,2025-06-06 08:23:39.443254,-32.37,3.4e-05
23,2025-06-06 08:28:46.711520,-39.78,3.3e-05
23,2025-06-06 08:29:31.392054,-34.71,6.7e-05
23,2025-06-06 08:29:33.713120,-35.685,6.6e-05
23,2025-06-06 08:30:35.153120,-33.15,6.6e-05
23,2025-06-06 08:42:24.750987,-31.005,0.0001
23,2025-06-06 08:46:01.156320,-34.515,6.6e-05
23,2025-06-06 08:49:52.921654,-36.075,3.4e-05
23,2025-06-06 08:59:51.108320,-32.37,6.6e-05
23,2025-06-06 09:01:38.696620,-31.785,0.0001
23,2025-06-06 09:04:37.998987,-31.59,0.0001
23,2025-06-06 09:05:24.829920,-40.17,3.3e-05
23,2025-06-06 09:05:47.392054,-28.275,3.4e-05
23,2025-06-06 09:11:13.092320,-29.25,6.6e-05
23,2025-06-06 09:14:45.845387,-39.585,3.3e-05
23,2025-06-06 09:22:35.042187,-34.71,3.3e-05
23,2025-06-06 09:26:14.519520,-27.885,3.3e-05
23,2025-06-06 09:27:53.472054,-36.465,3.4e-05
23,2025-06-06 09:29:20.477920,-38.61,3.3e-05
23,2025-06-06 09:36:56.192054,-30.03,0.0001
23,2025-06-06 09:38:43.234187,-35.88,3.3e-05
23,2025-06-06 09:42:33.361120,-44.46,3.3e-05
23,2025-06-06 09:47:17.179787,-30.03,6.7e-05
23,2025-06-06 09:47:26.805387,-36.66,3.3e-05
23,2025-06-06 09:50:27.780320,-32.175,6.6e-05
23,2025-06-06 09:53:28.448054,-31.395,6.7e-05
23,2025-06-06 10:04:02.918454,-45.825,3.4e-05
23,2025-06-06 10:07:14.884320,-37.05,6.6e-05
23,2025-06-06 10:21:03.982987,-43.095,3.3e-05
23,2025-06-06 10:24:22.570720,-38.61,3.3e-05
23,2025-06-06 10:25:02.165387,-34.515,3.3e-05
23,2025-06-06 10:30:44.898187,-32.955,3.3e-05
23,2025-06-06 10:35:17.350454,-30.225,6.7e-05
23,2025-06-06 10:37:50.438454,-31.59,6.7e-05
23,2025-06-06 10:44:27.579787,-29.25,3.3e-05
23,2025-06-06 10:48:44.023520,-34.32,6.6e-05
23,2025-06-06 10:53:43.714187,-28.08,3.3e-05
23,2025-06-06 11:06:17.719520,-39.585,3.3e-05
23,2025-06-06 11:08:33.228854,-33.735,3.4e-05
23,2025-06-06 11:16:39.150987,-27.69,6.7e-05
23,2025-06-06 11:18:05.201120,-40.56,3.3e-05
23,2025-06-06 11:34:43.191520,-37.83,3.3e-05
23,2025-06-06 11:41:08.829920,-33.54,3.3e-05
23,2025-06-06 12:00:07.040054,-36.465,3.4e-05
23,2025-06-06 12:00:58.035254,-32.37,0.0001
23,2025-06-06 12:05:43.833654,-33.93,3.4e-05
23,2025-06-06 12:37:13.557387,-31.2,3.3e-05
23,2025-06-06 12:51:58.702987,-43.68,3.3e-05
23,2025-06-06 12:52:51.609654,-30.225,6.7e-05
23,2025-06-06 13:12:29.858187,-31.59,3.3e-05
23,2025-06-06 13:27:28.588854,-29.055,3.4e-05
23,2025-06-06 13:30:03.758987,-33.345,3.3e-05
23,2025-06-06 13:36:50.730720,-38.415,3.3e-05
23,2025-06-06 13:56:24.405387,-37.05,3.3e-05
23,2025-06-06 14:01:09.964854,-35.49,3.4e-05
23,2025-06-06 14:10:25.553120,-37.83,3.3e-05
23,2025-06-06 14:41:02.301954,-28.275,0.000134
23,2025-06-06 14:48:13.132854,-32.175,6.7e-05
23,2025-06-06 15:11:03.108320,-29.445,3.3e-05
23,2025-06-06 15:31:54.402187,-34.71,3.3e-05
23,2025-06-06 15:34:36.808587,-28.275,6.7e-05
23,2025-06-06 15:36:08.763787,-31.59,3.3e-05
23,2025-06-06 15:38:39.462454,-29.64,6.7e-05
23,2025-06-06 15:45:12.780854,-30.42,3.4e-05
23,2025-06-06 15:57:21.595787,-33.93,6.7e-05
23,2025-06-06 16:00:07.688587,-33.735,3.3e-05
23,2025-06-06 16:00:09.634187,-41.925,3.3e-05
23,2025-06-06 16:03:08.970720,-34.125,3.3e-05
23,2025-06-06 16:41:06.107787,-32.76,3.3e-05
23,2025-06-06 16:59:50.084320,-37.05,3.3e-05
23,2025-06-06 17:03:49.358987,-32.175,3.3e-05
23,2025-06-06 17:28:11.835787,-37.05,3.3e-05
23,2025-06-06 17:56:20.011132,-29.64,3.4e-05
23,2025-06-06 18:12:25.779665,-31.395,3.3e-05
23,2025-06-06 18:36:34.944465,-29.25,6.7e-05
23,2025-06-06 19:07:43.573798,-31.98,3.3e-05
23,2025-06-06 20:02:14.844198,-30.42,3.3e-05
23,2025-06-07 18:22:41.744908,-29.445,0.000133
23,2025-06-08 22:54:40.630439,61.815,0.000266
23,2025-06-08 22:55:21.590473,257.4,0.000134
23,2025-06-08 22:55:36.848039,128.895,0.0002
23,2025-06-08 22:58:03.028502,249.21,0.000133
23,2025-06-08 23:11:33.260692,132.21,0.0002
23,2025-06-08 23:12:41.868692,184.47,0.000167
23,2025-06-08 23:13:04.669758,253.5,0.000133
23,2025-06-08 23:14:35.600958,69.225,0.000266
23,2025-06-08 23:19:06.543349,250.185,0.000133
23,2025-06-08 23:19:07.464949,247.065,0.000133
23,2025-06-08 23:22:51.447849,71.37,0.000267
23,2025-06-08 23:22:52.369449,103.35,0.000233
23,2025-06-08 23:23:32.783316,33.15,0.000367
23,2025-06-08 23:24:31.936416,247.065,0.000134
23,2025-06-09 01:59:35.404114,243.945,0.000134
23,2025-06-09 02:03:05.283611,86.58,0.000267
23,2025-06-09 02:05:40.525638,1359.15,0.000533
23,2025-06-09 02:05:40.696005,1327.76,0.000633
23,2025-06-09 02:05:41.446938,-2802.54,0.000133
23,2025-06-09 02:05:41.788272,966.81,0.000934
23,2025-06-09 02:07:41.323205,1033.5,0.000867
23,2025-06-09 02:11:12.335472,-1983.15,0.000134
23,2025-06-09 02:11:12.506138,1232.59,0.000666
23,2025-06-09 02:11:13.086405,-4877.15,3.3e-05
23,2025-06-09 02:11:13.257338,1244.88,0.000566
23,2025-06-09 03:37:37.615944,-518.7,0.000933
23,2025-06-09 03:37:47.207711,-907.92,0.000667
23,2025-06-09 03:38:01.543411,115.245,0.0005
23,2025-06-09 03:38:06.731711,-780.0,0.000434
23,2025-06-09 03:38:06.902344,-478.53,0.000667
23,2025-06-09 03:38:07.482844,-775.71,0.0004
23,2025-06-09 03:38:13.626711,-825.63,0.000434
23,2025-06-09 03:38:13.797277,-510.705,0.000633
23,2025-06-09 03:38:14.548344,-820.56,0.000433
23,2025-06-09 03:38:14.718877,-379.86,0.000733
23,2025-06-09 03:38:14.889544,-119.73,0.000967
23,2025-06-09 03:38:15.470011,-835.77,0.0004
23,2025-06-09 03:38:15.640477,-583.44,0.0006
23,2025-06-09 03:38:35.949811,423.54,0.0004
23,2025-06-09 03:38:50.285811,1117.94,0.000334
23,2025-06-09 03:38:55.440211,-790.14,0.000434
23,2025-06-09 03:38:55.610611,-757.965,0.0005
23,2025-06-09 03:39:11.277977,2755.16,0.000266
23,2025-06-09 03:39:30.324477,-700.245,0.000533
23,2025-06-09 03:39:44.762877,-741.585,0.000666
23,2025-06-09 03:40:13.468777,-882.18,0.0007
23,2025-06-09 03:40:28.350877,1452.56,6.6e-05
23,2025-06-09 03:40:28.521544,-702.0,0.000533
23,2025-06-09 03:40:48.762611,-2131.54,6.7e-05
23,2025-06-09 03:40:53.575411,-412.62,0.000734
23,2025-06-09 03:41:03.132944,-1083.81,0.000367
23,2025-06-09 03:41:07.945544,-238.095,0.000867
23,2025-06-09 03:42:10.341277,-491.01,0.000766
23,2025-06-09 03:42:11.058077,-50.115,0.000966
23,2025-06-09 03:42:20.581277,274.17,0.000166
23,2025-06-09 03:42:35.019677,-2727.27,3.3e-05
23,2025-06-09 03:42:40.583544,2782.46,0.000167
23,2025-06-09 03:42:45.362111,-684.45,0.000534
23,2025-06-09 03:42:50.140744,-236.925,0.000867
23,2025-06-09 03:43:19.666377,-771.225,0.000466
23,2025-06-09 03:43:24.615611,-587.145,0.0007
23,2025-06-09 03:43:39.702544,-798.915,0.000667
23,2025-06-09 03:43:50.044744,-623.22,0.000733
23,2025-06-09 03:43:59.602111,1921.92,0.000267
23,2025-06-09 03:44:04.892977,-797.355,0.000433
23,2025-06-09 03:44:05.063411,-383.565,0.000734
23,2025-06-09 03:44:05.234077,-167.505,0.000933
23,2025-06-09 03:44:25.407144,669.435,0.000533
23,2025-06-09 03:44:45.135944,-483.21,0.000667
23,2025-06-09 03:44:51.109344,-671.775,0.000667
23,2025-06-09 03:45:05.513544,-584.415,0.000767
23,2025-06-09 03:45:19.849544,-715.845,0.0008
23,2025-06-09 03:45:29.475144,959.4,0.0001
23,2025-06-09 03:45:58.249711,-657.54,0.000667
23,2025-06-09 03:46:51.599944,-880.23,0.0007
23,2025-06-09 03:47:16.346611,-639.6,0.000667
23,2025-06-09 03:47:51.469811,129.87,0.0002
23,2025-06-09 03:47:56.316744,-720.72,0.000433
23,2025-06-09 03:48:06.147144,-183.885,0.000933
23,2025-06-09 03:48:06.898111,-818.61,0.0004
23,2025-06-09 03:49:00.350877,905.385,0.000333
23,2025-06-09 03:49:14.686877,2361.65,0.000266
23,2025-06-09 03:49:48.308211,-71.565,0.000767
23,2025-06-09 03:49:49.025044,1387.04,0.000267
23,2025-06-09 03:49:53.803677,-516.36,0.0009
23,2025-06-09 03:50:48.792577,-857.805,0.000433
23,2025-06-09 03:50:48.963144,-406.575,0.000767
23,2025-06-09 03:50:54.765811,-1617.14,0.000167
23,2025-06-09 03:51:09.101811,1664.32,0.0001
23,2025-06-09 03:51:23.540211,1386.26,0.000267
23,2025-06-09 03:51:42.723144,-150.54,0.000867
23,2025-06-09 03:51:52.280477,1614.99,0.000266
23,2025-06-09 03:52:07.265311,-803.4,0.000434
23,2025-06-09 03:52:07.606344,-139.035,0.000967
23,2025-06-09 03:52:18.051144,-558.48,0.000567
23,2025-06-09 03:52:56.348744,1258.53,6.7e-05
23,2025-06-09 03:53:25.054877,187.005,0.0002
23,2025-06-09 19:42:59.189014,-3260.01,6.6e-05
23,2025-06-09 21:38:07.141859,-34.125,3.3e-05
23,2025-06-09 21:38:20.726926,-29.835,0.0005
23,2025-06-09 21:43:48.065726,-29.64,0.000434
23,2025-06-09 21:51:39.173859,-3420.5,6.7e-05
23,2025-06-09 22:15:04.682292,-60.06,0.0003
23,2025-06-09 22:17:15.003259,-53.625,0.0002
23,2025-06-09 22:17:26.847459,-45.24,0.000567
24,2025-06-06 17:36:02.062464,181.35,6.6e-05
24,2025-06-08 08:01:00.391331,76.635,3.3e-05
24,2025-06-08 16:48:34.913274,86.385,3.4e-05
24,2025-06-08 16:56:16.701389,82.875,0.000134
24,2025-06-08 17:02:38.521700,-89.505,0.000534
24,2025-06-08 17:19:00.959935,83.265,6.7e-05
24,2025-06-08 17:51:00.516235,-78.585,0.000467
24,2025-06-08 21:39:48.679530,-72.735,0.0006
24,2025-06-08 22:04:42.197826,-80.925,0.000567
24,2025-06-08 22:55:21.590439,339.885,0.000133
24,2025-06-08 22:58:03.028469,288.21,0.000134
24,2025-06-08 23:11:33.260692,76.245,0.000234
24,2025-06-08 23:12:41.868692,164.97,0.0002
24,2025-06-08 23:13:04.669758,302.64,0.000166
24,2025-06-08 23:19:06.543316,295.23,0.000134
24,2025-06-08 23:19:07.464916,311.61,0.000134
24,2025-06-08 23:23:33.534249,-335.205,3.3e-05
24,2025-06-08 23:24:31.936382,308.88,0.000133
24,2025-06-08 23:26:51.781674,113.1,3.4e-05
24,2025-06-09 00:56:24.556771,-74.685,0.000434
24,2025-06-09 01:59:35.404080,305.37,0.000133
24,2025-06-09 02:03:05.283711,133.575,0.000367
24,2025-06-09 02:05:40.525338,4348.31,6.6e-05
24,2025-06-09 02:05:40.696005,-1439.1,0.000467
24,2025-06-09 02:05:41.788272,-543.27,0.000767
24,2025-06-09 02:07:41.323205,-707.46,0.0007
24,2025-06-09 02:11:12.335472,5224.25,3.4e-05
24,2025-06-09 02:11:12.506138,-1298.51,0.0005
24,2025-06-09 02:11:13.257272,-3754.92,0.000334
24,2025-06-09 03:37:37.615944,1269.65,0.000667
24,2025-06-09 03:37:37.650077,179.79,0.000566
24,2025-06-09 03:37:47.207411,-2203.3,0.0001
24,2025-06-09 03:37:47.241544,722.865,0.000233
24,2025-06-09 03:38:01.543611,-670.605,0.0005
24,2025-06-09 03:38:06.731844,1551.61,0.000533
24,2025-06-09 03:38:06.902344,1289.34,0.000667
24,2025-06-09 03:38:07.107144,453.18,0.0003
24,2025-06-09 03:38:07.209744,-234.195,0.000533
24,2025-06-09 03:38:07.482977,1678.56,0.000533
24,2025-06-09 03:38:13.626811,1661.79,0.000534
24,2025-06-09 03:38:13.797277,1450.99,0.000633
24,2025-06-09 03:38:13.831411,585.195,0.000167
24,2025-06-09 03:38:14.002077,369.525,0.000266
24,2025-06-09 03:38:14.104477,-256.425,0.000566
24,2025-06-09 03:38:14.548444,1667.44,0.000533
24,2025-06-09 03:38:14.718877,964.275,0.000733
24,2025-06-09 03:38:14.753011,592.605,0.0001
24,2025-06-09 03:38:14.855411,-228.15,0.000134
24,2025-06-09 03:38:14.889544,381.615,0.000967
24,2025-06-09 03:38:15.026111,-208.26,0.000667
24,2025-06-09 03:38:15.470144,1661.79,0.000533
24,2025-06-09 03:38:15.640477,1603.68,0.0006
24,2025-06-09 03:38:15.777011,-216.84,0.0001
24,2025-06-09 03:38:15.845277,407.745,0.0003
24,2025-06-09 03:38:15.947677,-235.17,0.000133
24,2025-06-09 03:38:35.950077,-644.865,0.000466
24,2025-06-09 03:38:40.762644,-616.005,0.000933
24,2025-06-09 03:38:45.541277,1097.27,0.000166
24,2025-06-09 03:38:50.285811,-3326.5,6.7e-05
24,2025-06-09 03:38:55.303411,929.76,6.7e-05
24,2025-06-09 03:38:55.440311,1705.86,0.000534
24,2025-06-09 03:38:55.610644,1667.64,0.000533
24,2025-06-09 03:38:55.815411,608.205,0.000134
24,2025-06-09 03:39:06.465011,1312.74,6.7e-05
24,2025-06-09 03:39:25.545544,-1478.49,0.0001
24,2025-06-09 03:39:30.358344,-725.01,0.000733
24,2025-06-09 03:39:59.064477,-498.81,0.000666
24,2025-06-09 03:40:08.724211,624.975,0.000334
24,2025-06-09 03:40:13.468877,1805.9,0.000533
24,2025-06-09 03:40:23.026077,680.94,0.000333
24,2025-06-09 03:40:28.350877,-3449.75,6.6e-05
24,2025-06-09 03:40:28.521544,1676.22,0.000533
24,2025-06-09 03:40:28.726344,548.73,0.000133
24,2025-06-09 03:40:28.828777,-210.21,0.000133
24,2025-06-09 03:40:34.460744,-664.755,0.000433
24,2025-06-09 03:40:39.239511,-639.21,0.000567
24,2025-06-09 03:40:44.018077,870.285,0.000266
24,2025-06-09 03:40:48.762611,-2537.34,0.0001
24,2025-06-09 03:40:53.575411,965.64,0.000734
24,2025-06-09 03:41:03.133077,1726.33,0.000533
24,2025-06-09 03:41:07.945544,594.165,0.000867
24,2025-06-09 03:41:31.907511,258.96,0.000767
24,2025-06-09 03:41:36.685844,-621.27,0.0002
24,2025-06-09 03:41:41.464477,1012.64,0.000166
24,2025-06-09 03:42:00.681577,-710.775,0.0002
24,2025-06-09 03:42:05.494344,-604.11,0.000967
24,2025-06-09 03:42:11.058077,-245.31,0.000766
24,2025-06-09 03:42:20.581277,1445.93,0.000133
24,2025-06-09 03:42:35.019677,-3889.27,3.3e-05
24,2025-06-09 03:42:45.362077,1818.57,0.000533
24,2025-06-09 03:42:50.140744,599.82,0.000867
24,2025-06-09 03:42:54.953544,113.1,6.7e-05
24,2025-06-09 03:43:14.887411,-1277.25,0.000367
24,2025-06-09 03:43:19.700211,-857.415,0.000667
24,2025-06-09 03:43:24.649544,-839.67,0.0002
24,2025-06-09 03:43:25.332211,128.895,0.0002
24,2025-06-09 03:43:50.078877,-609.765,0.0007
24,2025-06-09 03:43:59.636211,-1109.94,0.0004
24,2025-06-09 03:44:04.893077,1675.24,0.000533
24,2025-06-09 03:44:05.063411,992.94,0.0007
24,2025-06-09 03:44:05.200077,-255.06,0.000333
24,2025-06-09 03:44:05.234077,440.505,0.000933
24,2025-06-09 03:44:05.268211,539.76,0.000134
24,2025-06-09 03:44:05.370644,-258.96,0.000233
24,2025-06-09 03:44:45.135944,1280.37,0.000667
24,2025-06-09 03:44:45.340744,490.425,0.000167
24,2025-06-09 03:44:45.443311,-258.96,0.000667
24,2025-06-09 03:44:51.143411,-554.97,0.000834
24,2025-06-09 03:45:00.700744,-1184.04,0.0003
24,2025-06-09 03:45:15.036744,-1179.17,0.0004
24,2025-06-09 03:46:27.023944,-385.32,0.000767
24,2025-06-09 03:47:16.346611,1265.74,0.000667
24,2025-06-09 03:47:21.944477,87.555,0.000933
24,2025-06-09 03:47:51.469811,663.78,0.0002
24,2025-06-09 03:48:06.113611,-237.9,0.000767
24,2025-06-09 03:48:06.147144,443.43,0.000933
24,2025-06-09 03:48:06.454511,-245.31,0.000867
24,2025-06-09 03:48:06.898277,1561.76,0.000533
24,2025-06-09 03:48:36.355177,87.165,0.000966
24,2025-06-09 03:49:00.385011,-1021.22,0.000567
24,2025-06-09 03:49:09.908211,-1400.3,0.000134
24,2025-06-09 03:49:14.721011,-1021.22,0.0006
24,2025-06-09 03:49:49.059144,-1145.04,0.000367
24,2025-06-09 03:50:23.465611,79.17,0.000234
24,2025-06-09 03:50:48.348744,-317.85,0.000233
24,2025-06-09 03:50:48.792711,1627.47,0.000567
24,2025-06-09 03:50:48.929011,-603.525,0.0008
24,2025-06-09 03:50:48.963144,864.435,0.000767
24,2025-06-09 03:50:49.270377,-272.805,0.000433
24,2025-06-09 03:50:49.987144,-1324.24,0.000133
24,2025-06-09 03:50:54.799944,-1092.39,0.000367
24,2025-06-09 03:51:09.135944,-840.45,0.000667
24,2025-06-09 03:51:37.876211,211.965,0.000434
24,2025-06-09 03:51:47.467677,-1175.66,0.0004
24,2025-06-09 03:51:52.314611,-1117.94,0.000534
24,2025-06-09 03:52:01.837811,-1448.27,0.0001
24,2025-06-09 03:52:06.821311,-303.615,6.7e-05
24,2025-06-09 03:52:07.265444,1600.17,0.000533
24,2025-06-09 03:52:07.606344,391.755,0.000933
24,2025-06-09 03:52:27.642611,-1284.66,0.000234
24,2025-06-09 03:52:37.234077,-1476.54,3.3e-05
24,2025-06-09 03:52:41.978611,-1206.27,0.000434
24,2025-06-09 03:52:56.382877,-808.275,0.000733
24,2025-06-09 03:53:10.684744,78.78,0.0003
24,2025-06-09 03:53:25.054877,791.31,0.0002
24,2025-06-09 03:58:06.218885,-195.0,0.000633
24,2025-06-09 04:08:52.507957,-81.9,0.000866
24,2025-06-09 04:09:09.199157,-547.755,0.000166
24,2025-06-09 04:09:27.699424,-123.435,0.000633
24,2025-06-09 04:09:37.120224,-169.455,0.000367
24,2025-06-09 04:10:21.595957,-478.725,0.000133
24,2025-06-09 04:10:31.426357,-283.725,0.0001
24,2025-06-09 04:10:38.696757,-121.875,0.0008
24,2025-06-09 04:11:07.163957,-315.315,0.0001
24,2025-06-09 04:12:46.833291,-362.31,0.0003
24,2025-06-09 04:12:54.820491,-170.235,0.000434
24,2025-06-09 04:13:05.197024,-197.73,0.0004
24,2025-06-09 04:15:19.238624,-62.595,0.000933
24,2025-06-09 04:15:31.219424,-139.23,0.000667
24,2025-06-09 04:16:49.248224,-131.625,0.0006
24,2025-06-09 04:16:59.488257,-87.36,0.000533
24,2025-06-09 04:17:16.042891,-422.955,0.000367
24,2025-06-09 04:17:26.624224,-193.83,0.000533
24,2025-06-09 04:17:36.795957,-564.72,0.0001
24,2025-06-09 04:17:57.549024,-458.445,0.0001
24,2025-06-09 04:18:24.685024,-79.17,0.0008
24,2025-06-09 04:19:02.880224,-154.635,0.0003
24,2025-06-09 04:19:41.416757,-164.97,0.000366
24,2025-06-09 04:20:01.589557,-234.78,0.0004
24,2025-06-09 04:20:11.556524,-561.21,0.0001
24,2025-06-09 04:59:05.607019,96.915,6.7e-05
24,2025-06-09 05:05:33.873686,87.555,3.4e-05
24,2025-06-09 05:51:37.424429,-61.815,0.000567
24,2025-06-09 06:31:57.069795,-148.785,3.3e-05
24,2025-06-09 06:55:39.608729,71.955,6.7e-05
24,2025-06-09 08:30:39.124462,-86.385,0.0006
24,2025-06-09 10:38:03.004991,70.59,0.0001
24,2025-06-09 14:05:05.456324,-62.79,0.000733
24,2025-06-09 14:24:33.020991,63.375,0.000133
24,2025-06-09 15:14:29.244991,67.275,3.3e-05
24,2025-06-09 15:40:04.528191,-70.2,0.000533
24,2025-06-09 17:52:15.070303,91.845,0.0001
24,2025-06-09 18:28:00.552214,-3267.42,6.6e-05
24,2025-06-09 18:54:41.235314,-70.395,0.0006
24,2025-06-09 19:58:48.607681,104.91,6.7e-05
24,2025-06-09 20:15:04.752748,-406.575,6.7e-05
24,2025-06-09 20:47:07.774301,-138.255,0.000234
24,2025-06-09 20:47:08.697834,-4420.65,3.3e-05
24,2025-06-09 20:47:41.776790,-100.815,0.000333
24,2025-06-09 20:47:43.347990,-5111.92,0.0004
24,2025-06-09 20:48:39.779423,-173.16,3.4e-05
24,2025-06-09 20:49:13.794671,-142.35,0.000167
24,2025-06-09 20:50:45.927734,-80.925,0.000333
24,2025-06-09 20:51:43.771171,-77.61,0.000634
24,2025-06-09 20:51:44.044237,-131.04,0.0001
24,2025-06-09 20:52:18.201892,-118.95,0.0001
24,2025-06-09 20:52:18.475192,-135.135,0.000267
24,2025-06-09 21:29:46.695320,-180.96,0.000134
24,2025-06-09 21:32:16.775639,-133.965,0.000133
24,2025-06-09 21:39:54.663459,-148.395,3.3e-05
24,2025-06-09 21:40:47.193159,-65.325,0.000167
24,2025-06-09 21:41:00.573759,-72.54,0.0002
24,2025-06-09 21:42:09.727459,-73.125,3.3e-05
24,2025-06-09 21:48:41.441592,-140.79,0.000633
24,2025-06-09 21:50:22.954159,-80.34,0.0002
24,2025-06-09 22:04:13.076792,-173.16,6.6e-05
24,2025-06-09 22:04:23.248526,-70.395,0.000234
24,2025-06-09 22:04:35.024526,-100.62,0.0002
24,2025-06-09 22:04:52.091192,-148.98,0.000166
24,2025-06-09 22:05:15.643192,-199.095,0.000133
24,2025-06-09 22:05:22.708792,-95.355,0.0002
24,2025-06-09 22:06:03.532259,-133.185,0.0003
24,2025-06-09 22:06:38.143459,-249.6,0.0001
24,2025-06-09 22:07:01.900259,-73.125,0.0004
24,2025-06-09 22:07:49.584526,-78.0,0.0004
24,2025-06-09 22:08:11.463992,-84.63,0.000433
24,2025-06-09 22:08:26.141326,-252.135,0.0001
24,2025-06-09 22:08:48.089059,-85.215,0.0004
24,2025-06-09 22:08:56.758926,-65.715,0.000367
24,2025-06-09 22:09:08.739726,-119.535,0.000234
24,2025-06-09 22:09:37.377592,-91.455,0.000166
24,2025-06-09 22:15:20.656526,-196.56,0.0002
24,2025-06-09 22:16:15.918392,-247.65,3.3e-05
24,2025-06-09 22:16:40.767459,-81.705,0.0004
24,2025-06-09 22:16:54.352526,-222.495,0.0001
24,2025-06-09 22:17:43.231459,-162.63,0.000233
24,2025-06-09 22:17:44.426126,-2405.91,0.000167
24,2025-06-09 22:20:13.588792,-151.515,0.000166
24,2025-06-09 22:20:40.758926,-297.18,3.4e-05
24,2025-06-09 22:21:37.966459,-74.1,0.000533
24,2025-06-09 22:22:26.435726,-173.16,0.0002
24,2025-06-09 22:22:48.690659,-156.195,0.000133
24,2025-06-09 22:23:24.155192,-112.71,0.000266
24,2025-06-09 22:23:39.549326,-64.155,0.000534
24,2025-06-09 22:23:48.150926,-223.08,0.000134
24,2025-06-09 22:24:00.131726,-68.64,0.000434
24,2025-06-09 22:24:13.716792,-78.195,0.000533
24,2025-06-09 22:24:34.162659,-199.485,0.0001
24,2025-06-09 22:24:38.565859,-78.585,0.000467
24,2025-06-09 22:24:59.079992,-84.24,0.000433
24,2025-06-09 22:25:36.729059,-162.045,0.000267
24,2025-06-09 22:26:34.516792,-213.135,0.000166
24,2025-06-09 22:26:59.297592,-84.045,0.000433
24,2025-06-09 22:27:19.811726,-192.465,0.000134
24,2025-06-09 22:28:35.894926,-342.03,6.7e-05
24,2025-06-09 22:28:55.453359,-78.39,0.0002
24,2025-06-09 22:29:23.715726,-101.595,0.000234
24,2025-06-09 22:29:46.550926,-206.115,3.4e-05
24,2025-06-09 22:29:54.333326,-111.54,3.4e-05
24,2025-06-09 22:30:34.371726,-107.445,0.0002
24,2025-06-09 22:30:55.602659,-100.62,0.000233
24,2025-06-09 22:33:18.211726,-192.27,3.4e-05
24,2025-06-09 22:34:05.452259,-167.895,6.7e-05
24,2025-06-09 22:35:40.138126,-148.395,0.000334
24,2025-06-09 22:35:55.327459,-91.26,0.000533
24,2025-06-09 22:36:38.164792,-260.91,0.000133
24,2025-06-09 22:36:52.842126,-374.595,0.0001
24,2025-06-09 22:51:40.445326,-170.235,0.0004
24,2025-06-09 23:17:01.051192,-118.95,0.000433
24,2025-06-09 23:25:24.278959,-59.865,0.0008
24,2025-06-09 23:57:32.470926,86.97,6.7e-05
24,2025-06-10 00:51:41.759526,-70.98,0.000534
24,2025-06-10 01:25:07.024526,133.185,3.4e-05
24,2025-06-10 03:05:49.750926,84.435,0.0001
24,2025-06-10 03:30:40.592526,62.595,3.4e-05
25,2025-06-05 16:48:51.671022,80.34,3.3e-05
25,2025-06-06 15:01:25.879520,82.29,3.3e-05
25,2025-06-06 17:36:02.062464,95.55,6.6e-05
25,2025-06-08 08:01:00.391331,100.035,3.3e-05
25,2025-06-08 15:26:15.493198,-94.965,0.0006
25,2025-06-08 15:28:39.775031,-98.28,0.000533
25,2025-06-08 15:31:43.480431,-100.62,0.000466
25,2025-06-08 15:50:37.355698,-93.015,0.0005
25,2025-06-08 16:48:34.913274,113.1,3.4e-05
25,2025-06-08 16:56:16.701389,121.68,0.0001
25,2025-06-08 17:02:38.521700,-130.455,0.000534
25,2025-06-08 17:19:00.959935,137.475,6.7e-05
25,2025-06-08 17:51:00.516235,-94.185,0.000467
25,2025-06-08 19:06:18.413386,-111.15,0.0006
25,2025-06-08 19:25:36.635698,-94.38,0.0006
25,2025-06-08 19:46:05.791142,-82.095,0.0006
25,2025-06-08 19:49:51.468804,-80.34,0.000534
25,2025-06-08 19:58:55.919137,-76.635,0.0005
25,2025-06-08 21:39:48.679463,-105.3,0.000533
25,2025-06-08 21:45:07.097198,-90.285,0.000567
25,2025-06-08 22:04:42.197726,-113.1,0.000467
25,2025-06-08 22:09:36.017593,-80.145,0.000467
25,2025-06-08 22:12:25.148026,-97.11,0.000567
25,2025-06-08 22:25:55.029626,-98.28,0.0006
25,2025-06-08 22:30:50.748465,-97.11,0.000567
25,2025-06-08 22:55:21.590473,117.0,0.000167
25,2025-06-08 22:58:03.028402,-125.58,3.3e-05
25,2025-06-08 23:13:04.669758,105.495,0.000133
25,2025-06-08 23:19:06.543349,108.42,0.000167
25,2025-06-08 23:19:07.464949,123.045,0.000133
25,2025-06-08 23:23:33.534249,-181.74,3.3e-05
25,2025-06-08 23:24:31.936416,93.405,0.000134
25,2025-06-08 23:26:51.781674,142.935,3.4e-05
25,2025-06-09 00:04:43.152611,96.525,3.4e-05
25,2025-06-09 00:48:46.999571,-79.95,0.000567
25,2025-06-09 00:56:24.556837,-122.265,0.0005
25,2025-06-09 01:53:11.849846,-115.245,0.000533
25,2025-06-09 01:59:35.404014,-130.065,3.4e-05
25,2025-06-09 02:03:05.283678,132.405,0.000334
25,2025-06-09 02:05:40.525572,-908.115,0.0004
25,2025-06-09 02:05:40.696005,-446.55,0.000567
25,2025-06-09 02:05:41.446938,2196.68,6.6e-05
25,2025-06-09 02:05:41.788272,-230.1,0.000834
25,2025-06-09 02:07:41.323205,-217.035,0.000833
25,2025-06-09 02:11:12.335472,1143.29,0.0001
25,2025-06-09 02:11:12.506138,-411.06,0.0006
25,2025-06-09 02:11:13.257238,-935.805,0.0004
25,2025-06-09 03:37:37.615944,1100.19,0.000667
25,2025-06-09 03:37:47.207411,-1829.88,0.0001
25,2025-06-09 03:37:47.241544,264.81,0.0005
25,2025-06-09 03:37:56.764744,-802.815,0.0004
25,2025-06-09 03:38:01.577544,-645.06,0.000967
25,2025-06-09 03:38:06.731811,1567.8,0.000534
25,2025-06-09 03:38:06.902344,1107.6,0.000667
25,2025-06-09 03:38:07.209544,-234.39,0.000767
25,2025-06-09 03:38:07.482977,1704.69,0.000533
25,2025-06-09 03:38:08.199411,-654.615,3.4e-05
25,2025-06-09 03:38:13.626811,1678.56,0.000534
25,2025-06-09 03:38:13.797277,1268.47,0.000633
25,2025-06-09 03:38:14.548444,1698.45,0.000533
25,2025-06-09 03:38:14.582344,553.605,0.0002
25,2025-06-09 03:38:14.684811,-258.96,0.0005
25,2025-06-09 03:38:14.718877,890.76,0.000733
25,2025-06-09 03:38:14.889544,387.075,0.000967
25,2025-06-09 03:38:15.435711,-248.82,0.000334
25,2025-06-09 03:38:15.470144,1707.42,0.000533
25,2025-06-09 03:38:15.503944,593.385,0.000167
25,2025-06-09 03:38:15.606444,-243.36,0.000233
25,2025-06-09 03:38:15.640477,1503.45,0.0006
25,2025-06-09 03:38:45.541277,736.71,0.000366
25,2025-06-09 03:38:50.285811,-3087.04,6.7e-05
25,2025-06-09 03:38:55.303411,604.305,0.000267
25,2025-06-09 03:38:55.440311,1712.88,0.000534
25,2025-06-09 03:38:55.576544,-226.395,0.000433
25,2025-06-09 03:38:55.610644,1677.19,0.000533
25,2025-06-09 03:39:06.465011,1042.47,0.0002
25,2025-06-09 03:39:11.243677,-622.245,6.6e-05
25,2025-06-09 03:39:30.324344,-708.825,0.0005
25,2025-06-09 03:39:44.762944,-699.66,0.000533
25,2025-06-09 03:40:13.468844,1781.52,0.0005
25,2025-06-09 03:40:28.350877,-3186.5,6.6e-05
25,2025-06-09 03:40:28.487711,-258.57,0.000434
25,2025-06-09 03:40:28.521544,1685.58,0.000533
25,2025-06-09 03:40:28.555677,485.55,0.0003
25,2025-06-09 03:40:34.460744,-529.425,0.000433
25,2025-06-09 03:40:39.239511,-538.785,0.000667
25,2025-06-09 03:40:44.018077,585.0,0.0004
25,2025-06-09 03:40:48.762611,-3426.15,6.7e-05
25,2025-06-09 03:40:53.575411,890.37,0.000734
25,2025-06-09 03:41:03.133044,1743.1,0.0005
25,2025-06-09 03:41:31.907144,422.37,0.000367
25,2025-06-09 03:41:36.685811,-547.755,0.0006
25,2025-06-09 03:41:41.464477,754.65,0.0003
25,2025-06-09 03:42:00.681544,-593.19,0.000167
25,2025-06-09 03:42:20.581311,2822.63,0.000167
25,2025-06-09 03:42:40.617544,-771.81,0.0005
25,2025-06-09 03:42:45.362077,1791.46,0.000533
25,2025-06-09 03:42:50.140744,556.53,0.000867
25,2025-06-09 03:43:10.074611,-262.665,0.000834
25,2025-06-09 03:43:19.666344,-692.055,0.000533
25,2025-06-09 03:43:39.702577,-700.44,0.0005
25,2025-06-09 03:43:50.044744,-687.96,0.000533
25,2025-06-09 03:43:59.602077,2649.27,3.3e-05
25,2025-06-09 03:44:04.893077,1671.15,0.000533
25,2025-06-09 03:44:05.063411,912.795,0.000734
25,2025-06-09 03:44:05.097544,353.145,0.0003
25,2025-06-09 03:44:05.199977,-271.05,0.0005
25,2025-06-09 03:44:05.234077,426.075,0.000933
25,2025-06-09 03:44:05.370611,-231.855,0.0009
25,2025-06-09 03:44:15.747144,-142.155,0.000933
25,2025-06-09 03:44:25.407077,-667.875,0.0005
25,2025-06-09 03:44:30.185544,-99.84,0.000967
25,2025-06-09 03:44:45.102044,-283.14,0.000667
25,2025-06-09 03:44:45.135944,1115.2,0.000667
25,2025-06-09 03:44:45.443144,-222.495,0.000633
25,2025-06-09 03:44:51.109377,-689.52,0.0005
25,2025-06-09 03:45:05.513544,-669.24,0.000567
25,2025-06-09 03:45:19.849544,-600.6,0.0006
25,2025-06-09 03:45:29.475477,-654.81,0.0005
25,2025-06-09 03:45:58.249744,-692.835,0.0005
25,2025-06-09 03:46:51.600011,-764.205,0.000567
25,2025-06-09 03:46:51.804744,-806.13,0.000533
25,2025-06-09 03:47:02.044744,184.275,0.000967
25,2025-06-09 03:47:16.346611,1104.68,0.000667
25,2025-06-09 03:47:16.551411,-676.845,0.0007
25,2025-06-09 03:47:21.944477,252.525,0.0009
25,2025-06-09 03:47:51.469811,1101.94,0.000167
25,2025-06-09 03:47:56.316744,-663.585,0.0005
25,2025-06-09 03:48:06.113011,-302.25,0.0002
25,2025-06-09 03:48:06.147144,426.465,0.000933
25,2025-06-09 03:48:06.454344,-181.35,0.000733
25,2025-06-09 03:48:06.898244,1576.57,0.000533
25,2025-06-09 03:48:07.649011,178.425,0.000967
25,2025-06-09 03:48:36.355144,274.17,0.000933
25,2025-06-09 03:49:00.350877,792.87,0.000133
25,2025-06-09 03:49:14.686877,1902.42,6.6e-05
25,2025-06-09 03:49:19.499677,-97.89,0.000966
25,2025-06-09 03:49:49.025011,2728.05,3.4e-05
25,2025-06-09 03:49:53.803677,-441.675,0.0007
25,2025-06-09 03:50:13.839944,-265.59,0.000833
25,2025-06-09 03:50:48.348744,-264.225,0.000433
25,2025-06-09 03:50:48.792677,1599.78,0.000533
25,2025-06-09 03:50:48.929011,-569.595,0.0003
25,2025-06-09 03:50:48.963144,794.82,0.000767
25,2025-06-09 03:50:49.099677,-232.44,0.000433
25,2025-06-09 03:50:49.270344,-175.5,0.0006
25,2025-06-09 03:51:09.102144,-685.23,0.000533
25,2025-06-09 03:51:23.540211,1874.15,6.7e-05
25,2025-06-09 03:51:37.876211,597.87,0.0004
25,2025-06-09 03:51:42.723144,-95.16,0.000967
25,2025-06-09 03:51:52.280477,1890.72,6.6e-05
25,2025-06-09 03:52:06.821277,-352.365,3.3e-05
25,2025-06-09 03:52:07.265411,1588.67,0.000534
25,2025-06-09 03:52:07.401544,-330.915,3.3e-05
25,2025-06-09 03:52:07.469811,563.55,6.7e-05
25,2025-06-09 03:52:07.572211,-266.76,3.4e-05
25,2025-06-09 03:52:07.606344,374.79,0.000967
25,2025-06-09 03:52:18.051144,-523.77,0.000633
25,2025-06-09 03:52:56.349077,-655.59,0.0005
25,2025-06-09 03:53:10.684744,121.485,0.0003
25,2025-06-09 03:53:25.054877,1229.86,0.000166
25,2025-06-09 04:09:27.699424,-294.06,0.0006
25,2025-06-09 04:10:21.595957,-101.595,0.0007
25,2025-06-09 04:10:31.426357,-220.155,0.0001
25,2025-06-09 04:10:38.696757,-177.645,0.0004
25,2025-06-09 04:10:50.677557,-78.0,0.0007
25,2025-06-09 04:11:07.163957,-528.255,0.0001
25,2025-06-09 04:12:54.820491,-454.155,0.0002
25,2025-06-09 04:13:05.197024,-499.59,0.0002
25,2025-06-09 04:13:18.577291,-181.935,0.0004
25,2025-06-09 04:15:31.219424,-350.415,0.000133
25,2025-06-09 04:15:49.719691,-74.1,0.000867
25,2025-06-09 04:16:00.164491,-221.715,0.000734
25,2025-06-09 04:16:20.712757,-155.025,0.000533
25,2025-06-09 04:16:59.488224,-456.495,0.000167
25,2025-06-09 04:17:16.042891,-207.675,0.000367
25,2025-06-09 04:17:26.624257,-270.855,0.0001
25,2025-06-09 04:17:36.795957,-270.66,0.0001
25,2025-06-09 04:18:26.084491,-117.585,0.000334
25,2025-06-09 04:19:45.819957,-93.015,0.000266
25,2025-06-09 04:19:52.407691,-117.0,0.0005
25,2025-06-09 04:20:01.589557,-439.335,0.0004
25,2025-06-09 04:38:20.525419,3697.78,3.3e-05
25,2025-06-09 04:59:05.607019,156.39,6.7e-05
25,2025-06-09 05:04:00.621419,-204.75,6.7e-05
25,2025-06-09 05:05:33.873686,99.255,6.7e-05
25,2025-06-09 05:18:26.905062,-92.43,0.000533
25,2025-06-09 05:51:37.424329,-78.195,0.000467
25,2025-06-09 06:55:39.608729,132.405,6.7e-05
25,2025-06-09 07:06:36.436529,-80.535,0.000667
25,2025-06-09 08:20:30.731929,191.685,3.4e-05
25,2025-06-09 08:23:01.567429,-76.245,0.000467
25,2025-06-09 08:30:39.124462,-133.77,0.0006
25,2025-06-09 09:04:38.591395,-76.05,0.000566
25,2025-06-09 09:50:27.888224,-73.515,0.0005
25,2025-06-09 10:04:29.206591,-77.025,0.000567
25,2025-06-09 10:38:03.004991,108.615,0.0001
25,2025-06-09 11:46:35.969358,-76.05,0.000567
25,2025-06-09 11:57:14.706458,-75.27,0.000534
25,2025-06-09 12:06:50.365191,-85.995,0.000467
25,2025-06-09 12:48:55.071191,-79.95,0.0004
25,2025-06-09 13:48:35.180124,-87.165,0.000566
25,2025-06-09 14:05:05.456224,-89.895,0.000633
25,2025-06-09 14:19:02.268991,78.195,0.0001
25,2025-06-09 14:24:33.020991,83.07,0.0001
25,2025-06-09 15:40:04.528258,-122.655,0.000567
25,2025-06-09 16:48:32.918858,-89.115,0.000567
25,2025-06-09 17:52:15.070303,142.35,0.0001
25,2025-06-09 18:43:26.555581,-70.395,0.000367
25,2025-06-09 18:54:41.235314,-105.495,0.0006
25,2025-06-09 19:13:48.422081,89.505,6.7e-05
25,2025-06-09 19:58:48.607681,130.65,6.7e-05
25,2025-06-09 20:47:09.346001,-5422.75,0.000267
25,2025-06-09 20:47:41.776957,-81.315,0.000333
25,2025-06-09 20:48:39.779556,-130.845,3.3e-05
25,2025-06-09 20:49:15.465637,-5411.64,0.000433
25,2025-06-09 20:50:46.746934,-117.39,3.3e-05
25,2025-06-09 20:50:47.293101,-130.65,0.0001
25,2025-06-09 21:28:15.495810,-122.655,6.7e-05
25,2025-06-09 21:28:57.787010,-130.455,0.000367
25,2025-06-09 21:29:13.570452,-78.195,0.0001
25,2025-06-09 21:29:46.147520,-177.45,0.000267
25,2025-06-09 21:29:47.615253,-81.9,0.000367
25,2025-06-09 21:30:44.899246,-110.565,0.0002
25,2025-06-09 21:30:45.172313,-109.395,0.000234
25,2025-06-09 21:30:45.445379,-113.49,0.000166
25,2025-06-09 21:31:18.800463,-170.235,3.3e-05
25,2025-06-09 21:31:19.073563,-129.09,0.0003
25,2025-06-09 21:31:19.346596,-141.57,0.000333
25,2025-06-09 21:31:19.995130,-147.03,6.7e-05
25,2025-06-09 21:32:17.321339,-107.64,0.000133
25,2025-06-09 21:32:17.594406,-216.45,3.4e-05
25,2025-06-09 21:32:50.486926,-298.545,0.000167
25,2025-06-09 21:32:51.135459,-88.14,0.0005
25,2025-06-09 21:37:43.726459,-106.47,0.0002
25,2025-06-09 21:38:53.187759,-74.295,0.0006
25,2025-06-09 21:39:40.871992,-80.73,0.000166
25,2025-06-09 21:39:50.258692,-79.17,0.000633
25,2025-06-09 21:40:05.311726,-69.42,0.000367
25,2025-06-09 21:41:37.300926,-111.735,0.000267
25,2025-06-09 21:41:50.373926,-107.055,0.0005
25,2025-06-09 21:42:20.991459,-107.64,0.0002
25,2025-06-09 21:42:35.327459,-273.195,3.3e-05
25,2025-06-09 21:43:00.176526,-137.865,0.0005
25,2025-06-09 21:44:58.516792,-88.14,0.000166
25,2025-06-09 22:06:49.612259,71.955,6.7e-05
25,2025-06-09 22:12:38.762526,-70.005,0.0006
25,2025-06-09 22:46:25.838626,-78.0,0.000567
25,2025-06-09 22:49:06.879459,-71.175,0.000133
25,2025-06-09 22:53:21.172826,-106.47,0.0002
25,2025-06-09 22:59:47.596259,-85.995,0.0003
25,2025-06-09 23:00:12.240559,-72.54,0.000267
25,2025-06-09 23:01:48.462392,-77.415,0.000433
25,2025-06-09 23:09:53.941059,-75.66,0.000433
25,2025-06-09 23:21:47.156859,-69.42,0.000333
25,2025-06-09 23:26:34.184026,-85.605,0.000334
25,2025-06-09 23:29:11.436259,-197.34,0.0001
25,2025-06-09 23:30:45.985592,-67.86,0.000533
25,2025-06-09 23:57:32.470926,103.74,0.0001
25,2025-06-10 00:02:53.119792,-75.855,0.000533
25,2025-06-10 00:51:41.759526,-87.36,0.000534
25,2025-06-10 00:57:20.464526,95.94,3.4e-05
25,2025-06-10 01:25:07.024526,177.645,3.4e-05
25,2025-06-10 01:31:29.488592,-79.755,0.000666
25,2025-06-10 02:11:23.259192,-78.0,0.0005
25,2025-06-10 02:18:59.212426,-78.39,0.000634
25,2025-06-10 03:05:49.750926,129.48,0.0001
25,2025-06-10 03:30:40.592526,75.27,3.4e-05
25,2025-06-10 06:24:03.784392,-80.145,0.0006
25,2025-06-10 11:19:49.670059,-88.92,0.000567
25,2025-06-10 11:31:14.521059,81.12,3.3e-05
26,2025-06-06 17:36:02.062464,84.63,0.0002
26,2025-06-08 22:55:21.590473,166.14,0.000134
26,2025-06-08 22:55:36.848039,111.93,0.0002
26,2025-06-08 22:58:03.028402,-181.35,3.3e-05
26,2025-06-08 23:11:33.260692,117.195,0.0002
26,2025-06-08 23:12:41.868692,153.27,0.000167
26,2025-06-08 23:13:04.669758,165.75,0.000133
26,2025-06-08 23:14:21.503892,45.045,0.000334
26,2025-06-08 23:14:35.600958,57.135,0.000266
26,2025-06-08 23:19:06.543349,160.29,0.000133
26,2025-06-08 23:19:07.464949,163.995,0.000133
26,2025-06-08 23:22:51.447849,53.625,0.000267
26,2025-06-08 23:22:52.369449,91.65,0.000233
26,2025-06-08 23:24:31.936449,175.305,0.000167
26,2025-06-09 01:59:35.404014,-177.255,3.4e-05
26,2025-06-09 02:03:05.283611,78.0,0.0003
26,2025-06-09 02:05:40.525472,-317.85,0.000467
26,2025-06-09 02:05:40.696005,-155.22,0.000567
26,2025-06-09 02:05:41.446938,896.025,6.6e-05
26,2025-06-09 02:05:41.788272,-69.225,0.0009
26,2025-06-09 02:07:41.323205,-72.93,0.0008
26,2025-06-09 02:11:12.335605,-369.33,0.000233
26,2025-06-09 02:11:12.506138,-143.325,0.0006
26,2025-06-09 02:11:13.257138,-344.955,0.000466
26,2025-06-09 03:37:37.615944,345.345,0.000633
26,2025-06-09 03:37:47.207411,-1726.14,3.4e-05
26,2025-06-09 03:38:01.543644,468.0,0.000433
26,2025-06-09 03:38:06.731677,3502.0,0.000433
26,2025-06-09 03:38:06.902377,949.065,0.0004
26,2025-06-09 03:38:07.004844,-572.13,0.000333
26,2025-06-09 03:38:13.148744,-162.045,0.000533
26,2025-06-09 03:38:13.626611,4443.85,3.4e-05
26,2025-06-09 03:38:13.797277,943.215,0.000333
26,2025-06-09 03:38:13.899677,-389.22,0.000266
26,2025-06-09 03:38:14.070344,-428.415,0.0007
26,2025-06-09 03:38:14.718877,1015.36,0.0004
26,2025-06-09 03:38:14.821277,-574.275,0.000266
26,2025-06-09 03:38:14.889544,748.605,0.000667
26,2025-06-09 03:38:14.991944,-497.445,0.000567
26,2025-06-09 03:38:15.640477,1150.31,0.0003
26,2025-06-09 03:38:15.742877,-586.56,0.000133
26,2025-06-09 03:38:16.084211,-212.355,0.0008
26,2025-06-09 03:38:35.949811,-1055.73,6.7e-05
26,2025-06-09 03:38:50.285811,-2029.36,3.4e-05
26,2025-06-09 03:38:55.610611,2242.7,0.000167
26,2025-06-09 03:38:56.054344,-417.69,0.000767
26,2025-06-09 03:39:30.324211,-274.755,0.0003
26,2025-06-09 03:39:44.762611,259.155,0.000134
26,2025-06-09 03:40:13.468844,562.38,0.0005
26,2025-06-09 03:40:28.521544,1999.72,0.0002
26,2025-06-09 03:40:28.965277,-475.995,0.0008
26,2025-06-09 03:40:48.762611,-1503.65,3.4e-05
26,2025-06-09 03:40:53.575411,274.95,0.000734
26,2025-06-09 03:41:03.133077,576.42,0.0005
26,2025-06-09 03:41:07.945544,121.68,0.000867
26,2025-06-09 03:41:31.907311,-538.395,0.000534
26,2025-06-09 03:42:11.058077,281.775,0.0007
26,2025-06-09 03:42:20.581277,-2134.47,0.000133
26,2025-06-09 03:42:45.362077,510.315,0.000533
26,2025-06-09 03:42:50.140744,116.805,0.000867
26,2025-06-09 03:43:19.666144,-275.34,0.0003
26,2025-06-09 03:43:24.615411,2369.83,0.000367
26,2025-06-09 03:43:39.702411,-279.045,0.0003
26,2025-06-09 03:43:49.327944,-138.255,0.000933
26,2025-06-09 03:43:50.044877,111.54,0.000866
26,2025-06-09 03:43:59.602211,-637.065,0.000367
26,2025-06-09 03:44:04.585544,-145.86,0.000567
26,2025-06-09 03:44:05.063411,959.4,0.000434
26,2025-06-09 03:44:05.165811,-587.535,0.000234
26,2025-06-09 03:44:05.234077,763.815,0.000633
26,2025-06-09 03:44:05.336477,-528.645,0.000466
26,2025-06-09 03:44:25.406877,439.725,0.0002
26,2025-06-09 03:44:45.135944,975.78,0.000367
26,2025-06-09 03:44:45.238344,-577.59,0.000233
26,2025-06-09 03:44:45.409011,-439.53,0.0007
26,2025-06-09 03:44:51.109411,463.515,0.000634
26,2025-06-09 03:45:05.513544,-112.125,0.000767
26,2025-06-09 03:45:19.849544,-126.75,0.000567
26,2025-06-09 03:45:29.475144,-650.91,0.0003
26,2025-06-09 03:45:58.249577,-338.13,0.0003
26,2025-06-09 03:46:51.600111,-789.945,0.0004
26,2025-06-09 03:47:16.346611,500.76,0.000367
26,2025-06-09 03:47:51.469811,2320.7,0.0002
26,2025-06-09 03:47:56.316844,413.205,0.0007
26,2025-06-09 03:48:06.249544,-530.79,0.000433
26,2025-06-09 03:48:06.420211,-84.24,0.000734
26,2025-06-09 03:48:06.898077,4155.84,3.3e-05
26,2025-06-09 03:49:00.350877,-773.955,0.000233
26,2025-06-09 03:49:14.686911,-2874.1,0.0002
26,2025-06-09 03:49:48.308211,-57.72,0.000767
26,2025-06-09 03:49:49.025011,-1831.83,0.000134
26,2025-06-09 03:49:53.803777,447.525,0.0009
26,2025-06-09 03:50:13.839944,179.01,0.000933
26,2025-06-09 03:50:48.963144,1164.73,0.000467
26,2025-06-09 03:50:49.065544,-562.185,0.0003
26,2025-06-09 03:50:54.765877,-1844.51,0.000266
26,2025-06-09 03:51:09.101811,-936.78,0.000267
26,2025-06-09 03:51:23.540211,-1583.59,0.000167
26,2025-06-09 03:51:37.876211,119.535,0.000434
26,2025-06-09 03:51:52.280477,-2049.65,0.000166
26,2025-06-09 03:52:06.957811,-495.495,0.000634
26,2025-06-09 03:52:07.606344,731.835,0.000633
26,2025-06-09 03:52:07.708777,-542.1,0.000466
26,2025-06-09 03:52:18.051144,284.31,0.000767
26,2025-06-09 03:52:56.348744,-1304.55,0.0003
26,2025-06-09 03:53:10.684744,115.05,0.000133
26,2025-06-09 03:53:25.054877,2647.91,0.0002
27,2025-06-05 14:07:43.749829,334.035,0.000167
27,2025-06-06 17:36:02.062464,86.19,0.0002
27,2025-06-08 22:54:40.630439,58.305,0.000266
27,2025-06-08 22:55:21.590506,168.675,0.000167
27,2025-06-08 22:55:36.848039,129.09,0.0002
27,2025-06-08 22:58:03.028402,-198.9,3.3e-05
27,2025-06-08 23:11:33.260692,118.95,0.0002
27,2025-06-08 23:12:41.868692,150.54,0.000167
27,2025-06-08 23:13:04.669758,156.0,0.000133
27,2025-06-08 23:19:06.543349,163.995,0.000133
27,2025-06-08 23:19:07.464949,161.85,0.000133
27,2025-06-08 23:22:52.369449,82.29,0.000233
27,2025-06-08 23:24:31.936416,149.565,0.000134
27,2025-06-09 01:59:35.404014,-167.895,3.4e-05
27,2025-06-09 02:03:05.283644,65.325,0.0002
27,2025-06-09 02:05:40.457072,-362.31,6.7e-05
27,2025-06-09 02:05:40.525705,3306.03,0.000667
27,2025-06-09 02:05:40.696005,3623.1,0.000667
27,2025-06-09 02:05:41.446938,-3452.67,0.000133
27,2025-06-09 02:05:41.481072,-200.85,0.000967
27,2025-06-09 02:05:41.549338,-413.01,0.000333
27,2025-06-09 02:05:41.788272,1755.19,0.000934
27,2025-06-09 02:05:41.890672,-638.235,0.0004
27,2025-06-09 02:05:41.959572,-592.02,0.000834
27,2025-06-09 02:07:40.982338,4716.27,0.000766
27,2025-06-09 02:07:41.052038,-4912.83,0.000366
27,2025-06-09 02:07:41.084605,-727.35,0.000633
27,2025-06-09 02:07:41.119772,904.8,0.000467
27,2025-06-09 02:07:41.323205,1621.81,0.000867
27,2025-06-09 02:07:41.598005,-508.17,0.000667
27,2025-06-09 02:11:12.335938,2951.72,0.0007
27,2025-06-09 02:11:12.506138,3993.6,0.000733
27,2025-06-09 02:11:12.710938,1070.16,3.3e-05
27,2025-06-09 02:11:13.257372,5747.82,0.000634
27,2025-06-09 03:37:17.854444,1597.05,0.000167
27,2025-06-09 03:37:32.770344,-288.405,0.000567
27,2025-06-09 03:37:33.862777,104.91,0.0009
27,2025-06-09 03:37:33.896244,151.515,0.000933
27,2025-06-09 03:37:33.929611,65.13,0.000634
27,2025-06-09 03:37:37.615944,1437.93,0.000233
27,2025-06-09 03:37:42.394611,-82.29,0.000567
27,2025-06-09 03:37:42.565477,71.175,0.000833
27,2025-06-09 03:37:47.343944,929.175,3.3e-05
27,2025-06-09 03:37:51.986077,492.57,0.000466
27,2025-06-09 03:37:56.833611,-450.255,0.000934
27,2025-06-09 03:38:01.679944,133.575,3.3e-05
27,2025-06-09 03:38:02.090611,-90.09,0.000934
27,2025-06-09 03:38:06.595811,359.19,0.000934
27,2025-06-09 03:38:06.902344,2119.26,0.000833
27,2025-06-09 03:38:06.936477,-256.62,0.0007
27,2025-06-09 03:38:07.482911,2919.74,0.000634
27,2025-06-09 03:38:07.516744,-694.2,0.000267
27,2025-06-09 03:38:13.626744,2927.15,0.000633
27,2025-06-09 03:38:13.797277,2380.36,0.000733
27,2025-06-09 03:38:14.377544,-3210.87,3.3e-05
27,2025-06-09 03:38:14.548411,2949.38,0.000667
27,2025-06-09 03:38:14.582344,-746.85,0.000467
27,2025-06-09 03:38:14.718877,1957.02,0.000833
27,2025-06-09 03:38:14.753011,-311.025,0.000767
27,2025-06-09 03:38:15.470044,2878.4,0.0006
27,2025-06-09 03:38:15.503944,-606.255,0.000267
27,2025-06-09 03:38:15.640477,2268.63,0.000766
27,2025-06-09 03:38:15.674611,-446.355,0.000634
27,2025-06-09 03:38:15.845277,-144.3,0.0009
27,2025-06-09 03:38:35.950044,-213.525,0.0005
27,2025-06-09 03:38:50.285811,2495.42,6.7e-05
27,2025-06-09 03:38:55.440211,2851.49,0.0006
27,2025-06-09 03:38:55.474077,-784.485,0.0001
27,2025-06-09 03:38:55.610611,2704.84,0.000667
27,2025-06-09 03:38:55.644744,-462.15,0.0005
27,2025-06-09 03:38:55.815411,-320.97,0.0009
27,2025-06-09 03:39:30.324277,2300.02,0.000466
27,2025-06-09 03:39:30.358344,-691.08,0.000133
27,2025-06-09 03:39:44.762877,2981.75,0.000566
27,2025-06-09 03:40:08.724211,-770.835,0.0003
27,2025-06-09 03:40:13.468777,2878.59,0.0006
27,2025-06-09 03:40:13.502877,-357.63,0.000733
27,2025-06-09 03:40:28.351244,2868.25,0.0006
27,2025-06-09 03:40:28.385011,-760.305,0.000134
27,2025-06-09 03:40:28.521544,2549.82,0.0007
27,2025-06-09 03:40:28.555677,-511.095,0.000466
27,2025-06-09 03:40:28.726344,-170.625,0.000833
27,2025-06-09 03:40:48.762944,2763.34,0.000533
27,2025-06-09 03:40:48.796744,-782.535,0.0003
27,2025-06-09 03:40:53.575411,1719.7,0.0009
27,2025-06-09 03:40:53.609544,-206.7,0.000767
27,2025-06-09 03:41:03.133211,-558.285,0.000767
27,2025-06-09 03:41:07.979677,-146.835,0.000766
27,2025-06-09 03:41:31.907411,2978.04,0.000534
27,2025-06-09 03:41:31.941277,-426.075,0.000966
27,2025-06-09 03:41:51.056044,-181.935,0.000667
27,2025-06-09 03:42:11.058077,1934.2,0.000866
27,2025-06-09 03:42:20.615411,-797.94,0.000167
27,2025-06-09 03:42:25.394077,-343.98,0.000366
27,2025-06-09 03:42:40.617544,-724.62,0.000233
27,2025-06-09 03:42:45.362077,2466.17,0.0007
27,2025-06-09 03:42:50.174877,-124.605,0.000933
27,2025-06-09 03:43:10.074611,827.775,0.000867
27,2025-06-09 03:43:19.666244,2365.94,0.000467
27,2025-06-09 03:43:19.700211,-741.78,0.000267
27,2025-06-09 03:43:39.702544,3045.9,0.000567
27,2025-06-09 03:43:49.327944,1606.41,0.0004
27,2025-06-09 03:43:50.044744,2775.44,0.000633
27,2025-06-09 03:43:50.078877,-140.4,0.000933
27,2025-06-09 03:43:59.602544,2809.75,0.0006
27,2025-06-09 03:43:59.636211,-793.455,0.0002
27,2025-06-09 03:44:04.892977,2884.44,0.0006
27,2025-06-09 03:44:05.063411,1824.61,0.0009
27,2025-06-09 03:44:05.097544,-315.51,0.000633
27,2025-06-09 03:44:15.747144,693.81,0.000967
27,2025-06-09 03:44:25.407011,3123.31,0.0005
27,2025-06-09 03:44:39.708744,-565.5,0.000133
27,2025-06-09 03:44:44.795111,2820.48,0.000634
27,2025-06-09 03:44:44.999411,-738.465,0.0002
27,2025-06-09 03:44:45.135944,2025.07,0.000833
27,2025-06-09 03:44:45.340744,-102.96,0.000967
27,2025-06-09 03:44:51.109344,-279.24,0.000533
27,2025-06-09 03:44:55.853811,-174.72,0.000167
27,2025-06-09 03:45:05.513544,2622.55,0.000667
27,2025-06-09 03:45:19.849544,2403.18,0.0007
27,2025-06-09 03:45:19.883677,-221.13,0.0009
27,2025-06-09 03:45:29.475344,-167.31,0.000433
27,2025-06-09 03:45:58.249711,2996.18,0.000567
27,2025-06-09 03:46:51.599944,1583.98,0.000367
27,2025-06-09 03:47:16.346611,257.01,0.0009
27,2025-06-09 03:47:16.551411,-622.83,0.0004
27,2025-06-09 03:47:51.469811,453.18,0.0002
27,2025-06-09 03:47:56.316744,-123.045,0.000567
27,2025-06-09 03:48:06.761544,-787.41,6.7e-05
27,2025-06-09 03:48:06.898144,2894.58,0.0006
27,2025-06-09 03:48:07.649011,1884.09,0.000867
27,2025-06-09 03:48:22.019144,-174.135,0.000733
27,2025-06-09 03:49:00.351211,-273.975,0.000534
27,2025-06-09 03:49:14.686877,323.505,0.000133
27,2025-06-09 03:49:19.533811,-143.13,0.000967
27,2025-06-09 03:49:48.308244,2939.43,0.000567
27,2025-06-09 03:49:49.025011,886.86,0.0001
27,2025-06-09 03:50:13.839944,-102.765,0.0009
27,2025-06-09 03:50:48.621811,-3305.45,6.7e-05
27,2025-06-09 03:50:48.656044,-796.575,0.000167
27,2025-06-09 03:50:48.792577,2884.05,0.0006
27,2025-06-09 03:50:48.826611,-444.6,0.0005
27,2025-06-09 03:50:48.963144,1892.67,0.0009
27,2025-06-09 03:50:54.765811,2382.31,3.4e-05
27,2025-06-09 03:51:23.540211,108.615,0.0003
27,2025-06-09 03:51:37.876211,-176.475,0.0003
27,2025-06-09 03:51:52.280677,-97.695,0.0005
27,2025-06-09 03:52:07.265311,2886.78,0.0006
27,2025-06-09 03:52:07.299144,-762.645,0.000367
27,2025-06-09 03:52:07.469811,-498.42,0.0005
27,2025-06-09 03:52:56.348977,-140.01,0.0005
27,2025-06-09 03:53:25.054877,669.63,0.0002
27,2025-06-09 22:41:36.524259,-30.42,3.3e-05
28,2025-06-05 14:06:06.776060,-26.715,0.000733
28,2025-06-05 14:14:41.818201,39.195,3.4e-05
28,2025-06-06 17:36:02.062464,70.2,6.6e-05
28,2025-06-08 22:54:40.630439,44.46,0.000266
28,2025-06-08 22:55:21.590473,189.93,0.000167
28,2025-06-08 22:55:36.848039,96.135,0.000233
28,2025-06-08 22:58:03.028502,186.615,0.000133
28,2025-06-08 23:11:33.260692,99.45,0.000234
28,2025-06-08 23:12:41.868692,151.71,0.0002
28,2025-06-08 23:13:04.669758,197.535,0.000133
28,2025-06-08 23:14:35.600958,41.535,0.0003
28,2025-06-08 23:19:06.543349,188.955,0.000167
28,2025-06-08 23:19:07.464949,188.175,0.000167
28,2025-06-08 23:22:51.447849,44.85,0.0003
28,2025-06-08 23:22:52.369449,61.23,0.000233
28,2025-06-08 23:24:31.936416,184.47,0.000167
28,2025-06-09 01:59:35.404114,187.395,0.000167
28,2025-06-09 02:03:05.283611,59.28,0.0003
28,2025-06-09 02:05:40.525438,-200.265,0.0004
28,2025-06-09 02:05:40.696005,-65.91,0.0007
28,2025-06-09 02:05:41.446938,-1654.38,0.0002
28,2025-06-09 02:07:40.981972,-2335.91,0.000167
28,2025-06-09 02:07:41.323205,-41.535,0.000933
28,2025-06-09 02:11:12.335472,-1145.23,0.000234
28,2025-06-09 02:11:12.506205,-41.34,0.0008
28,2025-06-09 02:11:13.086438,-2144.42,0.000133
28,2025-06-09 02:11:13.257072,-185.25,0.000367
28,2025-06-09 03:37:37.616011,267.345,0.000734
28,2025-06-09 03:37:47.207611,761.67,0.0003
28,2025-06-09 03:37:51.986077,215.67,0.000933
28,2025-06-09 03:38:01.543477,464.49,0.000266
28,2025-06-09 03:38:06.595177,-49.53,0.0002
28,2025-06-09 03:38:06.731677,1411.6,0.000366
28,2025-06-09 03:38:06.902377,481.65,0.000666
28,2025-06-09 03:38:07.004744,-128.31,0.000133
28,2025-06-09 03:38:07.482844,1421.35,0.000367
28,2025-06-09 03:38:13.148744,-43.875,3.3e-05
28,2025-06-09 03:38:13.626677,1284.27,0.000366
28,2025-06-09 03:38:13.797277,542.685,0.0006
28,2025-06-09 03:38:13.899677,-135.915,0.0002
28,2025-06-09 03:38:14.070344,-82.29,0.0006
28,2025-06-09 03:38:14.548311,1272.57,0.000367
28,2025-06-09 03:38:14.718877,539.175,0.0007
28,2025-06-09 03:38:14.821311,-127.335,0.0002
28,2025-06-09 03:38:14.889544,345.93,0.000933
28,2025-06-09 03:38:14.991944,-92.04,0.000533
28,2025-06-09 03:38:15.470011,1412.78,0.000367
28,2025-06-09 03:38:15.640477,653.835,0.000566
28,2025-06-09 03:38:15.742877,-157.365,3.3e-05
28,2025-06-09 03:38:16.084244,-71.37,0.0008
28,2025-06-09 03:38:35.949944,929.175,0.000267
28,2025-06-09 03:38:50.285811,-1452.75,6.7e-05
28,2025-06-09 03:38:55.440177,1322.69,0.000366
28,2025-06-09 03:38:55.610611,812.955,0.000467
28,2025-06-09 03:38:56.054344,-76.635,0.0006
28,2025-06-09 03:38:56.225011,-43.68,0.000967
28,2025-06-09 03:39:30.324211,465.27,0.000267
28,2025-06-09 03:39:44.762744,600.015,0.000233
28,2025-06-09 03:39:49.541277,285.09,0.000866
28,2025-06-09 03:40:08.690211,2420.34,0.000167
28,2025-06-09 03:40:13.468777,-58.11,0.000733
28,2025-06-09 03:40:28.350877,-2762.76,3.3e-05
28,2025-06-09 03:40:28.521544,779.22,0.0005
28,2025-06-09 03:40:28.965277,-71.175,0.0006
28,2025-06-09 03:40:48.762611,824.655,0.000367
28,2025-06-09 03:41:03.132744,280.8,0.0005
28,2025-06-09 03:41:31.907177,-180.96,0.0003
28,2025-06-09 03:42:11.058077,-419.055,0.0008
28,2025-06-09 03:42:20.581277,1986.85,0.000166
28,2025-06-09 03:42:45.362077,-310.05,0.000633
28,2025-06-09 03:43:10.074611,-47.385,0.0009
28,2025-06-09 03:43:19.666177,245.31,0.0004
28,2025-06-09 03:43:24.615544,599.82,0.000733
28,2025-06-09 03:43:39.702344,-120.12,0.0005
28,2025-06-09 03:43:49.327944,153.465,0.000967
28,2025-06-09 03:43:50.044744,-338.52,0.0006
28,2025-06-09 03:43:59.602077,487.695,0.0001
28,2025-06-09 03:44:04.585644,-33.15,0.000333
28,2025-06-09 03:44:04.892944,1275.49,0.000367
28,2025-06-09 03:44:05.063411,549.9,0.0007
28,2025-06-09 03:44:05.165811,-137.67,0.000134
28,2025-06-09 03:44:05.234077,367.77,0.0009
28,2025-06-09 03:44:05.336477,-106.08,0.000433
28,2025-06-09 03:44:25.406911,-79.56,0.000534
28,2025-06-09 03:44:30.185544,274.365,0.000867
28,2025-06-09 03:44:45.135944,558.09,0.000633
28,2025-06-09 03:44:45.238344,-140.4,0.000167
28,2025-06-09 03:44:45.409011,-82.485,0.0006
28,2025-06-09 03:44:51.109277,773.37,0.000333
28,2025-06-09 03:45:05.513811,345.54,0.000734
28,2025-06-09 03:45:19.849777,257.79,0.000733
28,2025-06-09 03:45:29.475311,834.21,0.000267
28,2025-06-09 03:45:58.249577,578.955,0.000233
28,2025-06-09 03:46:51.600111,-724.62,0.000467
28,2025-06-09 03:47:02.044977,211.575,0.000933
28,2025-06-09 03:47:16.346811,221.91,0.000867
28,2025-06-09 03:47:21.944611,316.29,0.000767
28,2025-06-09 03:47:56.317111,419.835,0.0008
28,2025-06-09 03:48:06.147144,276.12,0.0009
28,2025-06-09 03:48:06.249611,-97.695,0.000334
28,2025-06-09 03:48:06.420211,-66.885,0.0007
28,2025-06-09 03:48:06.898111,1459.19,0.000367
28,2025-06-09 03:48:36.355211,316.68,0.000734
28,2025-06-09 03:49:00.350877,-1301.43,6.6e-05
28,2025-06-09 03:49:05.095444,-26.91,0.0002
28,2025-06-09 03:49:05.163677,400.725,0.000933
28,2025-06-09 03:49:19.499677,222.495,0.000866
28,2025-06-09 03:49:48.308211,307.515,0.000467
28,2025-06-09 03:50:13.839944,390.78,0.000767
28,2025-06-09 03:50:48.792544,1323.66,0.000367
28,2025-06-09 03:50:48.963177,496.47,0.000733
28,2025-06-09 03:50:49.065544,-156.0,0.000267
28,2025-06-09 03:51:09.101977,724.425,0.000266
28,2025-06-09 03:51:13.914611,307.515,0.000867
28,2025-06-09 03:51:37.876344,906.75,0.000267
28,2025-06-09 03:52:06.957844,-84.045,0.000567
28,2025-06-09 03:52:07.265277,1456.84,0.000366
28,2025-06-09 03:52:07.606344,362.7,0.000933
28,2025-06-09 03:52:07.708744,-115.635,0.000367
28,2025-06-09 03:52:41.944577,1910.03,0.000133
28,2025-06-09 03:52:56.348744,67.86,0.0004
28,2025-06-09 03:53:10.684911,-61.035,0.000334
29,2025-06-06 17:36:02.062464,78.0,0.0002
29,2025-06-08 22:54:40.630439,50.895,0.000266
29,2025-06-08 22:55:21.590473,170.43,0.000134
29,2025-06-08 22:55:21.761106,35.1,0.000333
29,2025-06-08 22:55:36.848039,107.25,0.0002
29,2025-06-08 22:58:03.028502,162.63,0.000133
29,2025-06-08 23:11:33.260692,103.35,0.0002
29,2025-06-08 23:12:41.868692,148.98,0.000167
29,2025-06-08 23:13:04.669758,164.385,0.000133
29,2025-06-08 23:14:21.503892,27.3,0.000334
29,2025-06-08 23:14:35.600958,55.77,0.000266
29,2025-06-08 23:19:06.543349,165.165,0.000133
29,2025-06-08 23:19:07.464949,171.99,0.000133
29,2025-06-08 23:22:51.447849,48.36,0.000267
29,2025-06-08 23:22:52.369449,73.125,0.000233
29,2025-06-08 23:23:32.783316,28.665,0.000367
29,2025-06-08 23:24:31.936416,167.115,0.000134
29,2025-06-08 23:24:32.107049,27.3,0.000367
29,2025-06-09 01:59:35.404114,167.895,0.000134
29,2025-06-09 02:03:05.283611,65.325,0.000267
29,2025-06-09 02:05:40.354672,-1903.01,0.0001
29,2025-06-09 02:05:40.525338,713.115,0.000466
29,2025-06-09 02:05:40.696005,-116.805,0.000867
29,2025-06-09 02:05:41.276405,2218.51,0.000233
29,2025-06-09 02:05:41.446938,1133.34,0.000366
29,2025-06-09 02:07:40.981872,1777.81,0.000234
29,2025-06-09 02:11:12.335472,906.75,0.0004
29,2025-06-09 02:11:12.506205,126.36,0.000967
29,2025-06-09 02:11:13.086405,1974.38,0.000267
29,2025-06-09 02:11:13.257072,457.275,0.000534
29,2025-06-09 03:37:17.818611,4411.68,3.4e-05
29,2025-06-09 03:37:37.615944,-189.15,0.0008
29,2025-06-09 03:37:47.207411,-991.185,0.000267
29,2025-06-09 03:38:01.543411,-1486.09,0.0004
29,2025-06-09 03:38:06.595144,-277.875,0.0006
29,2025-06-09 03:38:06.731677,2911.74,0.0004
29,2025-06-09 03:38:06.902344,1251.12,0.000667
29,2025-06-09 03:38:07.004744,-560.82,0.000233
29,2025-06-09 03:38:07.482777,3220.43,0.000333
29,2025-06-09 03:38:13.626611,3182.4,0.000334
29,2025-06-09 03:38:13.797277,1116.77,0.000633
29,2025-06-09 03:38:13.899677,-467.025,0.000266
29,2025-06-09 03:38:14.070344,-466.83,0.0007
29,2025-06-09 03:38:14.548244,3247.53,0.000333
29,2025-06-09 03:38:14.718877,1151.67,0.000733
29,2025-06-09 03:38:14.821277,-553.215,0.000266
29,2025-06-09 03:38:14.889544,896.805,0.000967
29,2025-06-09 03:38:14.991944,-484.38,0.000567
29,2025-06-09 03:38:15.469944,3232.51,0.000333
29,2025-06-09 03:38:15.640477,1441.24,0.0006
29,2025-06-09 03:38:15.742877,-579.93,0.000166
29,2025-06-09 03:38:16.084211,-264.615,0.000867
29,2025-06-09 03:38:35.949811,-266.76,0.000267
29,2025-06-09 03:38:50.285811,-565.11,0.0002
29,2025-06-09 03:38:55.269444,-3327.09,0.000233
29,2025-06-09 03:38:55.303411,-525.33,0.000634
29,2025-06-09 03:38:55.440144,3156.27,0.000367
29,2025-06-09 03:38:55.610611,2165.28,0.0005
29,2025-06-09 03:38:56.054344,-424.515,0.000767
29,2025-06-09 03:39:30.324211,-1131.78,0.000534
29,2025-06-09 03:39:44.762844,-196.755,0.000467
29,2025-06-09 03:40:28.351144,3205.6,0.000333
29,2025-06-09 03:40:28.521544,1812.33,0.000533
29,2025-06-09 03:40:28.623944,-610.74,3.3e-05
29,2025-06-09 03:40:28.965277,-231.66,0.0008
29,2025-06-09 03:40:48.762611,-810.615,0.0002
29,2025-06-09 03:40:53.575411,-35.295,0.000867
29,2025-06-09 03:41:03.132744,257.205,0.000467
29,2025-06-09 03:41:31.907611,-337.155,0.000667
29,2025-06-09 03:42:35.019977,3455.59,0.000333
29,2025-06-09 03:42:45.362111,84.435,0.000667
29,2025-06-09 03:43:19.666077,-321.165,0.000333
29,2025-06-09 03:43:24.615611,1120.47,0.0006
29,2025-06-09 03:43:39.702344,447.33,0.000267
29,2025-06-09 03:43:49.430344,-137.67,0.0001
29,2025-06-09 03:43:50.044877,610.35,0.0009
29,2025-06-09 03:43:59.602144,-950.235,0.000167
29,2025-06-09 03:44:04.892877,3162.71,0.000333
29,2025-06-09 03:44:05.063411,1098.24,0.000734
29,2025-06-09 03:44:05.165811,-556.14,0.000234
29,2025-06-09 03:44:05.234077,859.755,0.000933
29,2025-06-09 03:44:05.336477,-483.6,0.000466
29,2025-06-09 03:44:25.406877,487.5,0.000266
29,2025-06-09 03:44:45.135944,1203.15,0.000667
29,2025-06-09 03:44:45.238344,-548.73,0.000233
29,2025-06-09 03:44:45.409011,-306.345,0.0007
29,2025-06-09 03:44:51.109277,-214.89,0.0005
29,2025-06-09 03:45:05.513544,-400.92,0.000733
29,2025-06-09 03:45:19.849811,-530.595,0.0009
29,2025-06-09 03:45:29.475344,-163.02,0.000433
29,2025-06-09 03:45:58.250077,-539.175,0.000866
29,2025-06-09 03:46:51.599944,2720.45,0.000433
29,2025-06-09 03:47:02.044744,89.31,0.000833
29,2025-06-09 03:47:16.346611,1005.03,0.000667
29,2025-06-09 03:47:21.944477,253.11,0.000933
29,2025-06-09 03:47:51.469811,2105.02,3.4e-05
29,2025-06-09 03:47:56.316777,38.22,0.000733
29,2025-06-09 03:48:06.147144,825.045,0.000933
29,2025-06-09 03:48:06.249544,-536.055,0.000433
29,2025-06-09 03:48:06.420211,-105.105,0.000734
29,2025-06-09 03:48:06.898077,3151.98,0.000366
29,2025-06-09 03:48:07.649011,74.295,0.000967
29,2025-06-09 03:48:36.355277,98.475,0.000966
29,2025-06-09 03:49:00.351044,-404.43,0.000367
29,2025-06-09 03:49:14.686911,-483.21,0.000167
29,2025-06-09 03:49:48.308311,677.82,0.0006
29,2025-06-09 03:49:53.803677,197.145,0.000933
29,2025-06-09 03:50:13.839944,908.895,0.000767
29,2025-06-09 03:50:48.792477,3271.71,0.000333
29,2025-06-09 03:50:49.065544,-536.25,0.0003
29,2025-06-09 03:51:09.101811,-3894.34,0.000367
29,2025-06-09 03:51:23.540244,-3184.94,0.000267
29,2025-06-09 03:51:37.876211,-1834.17,0.0003
29,2025-06-09 03:51:52.280477,-2091.38,0.0002
29,2025-06-09 03:52:06.957811,-500.565,0.000534
29,2025-06-09 03:52:07.265211,3256.89,0.000334
29,2025-06-09 03:52:07.606344,863.85,0.000967
29,2025-06-09 03:52:07.708744,-525.915,0.000467
29,2025-06-09 03:52:18.051144,58.89,0.000867
29,2025-06-09 03:52:56.348744,361.53,0.000233
29,2025-06-09 03:53:10.684777,-168.87,0.000333
29,2025-06-09 03:53:15.497544,-51.48,0.0009
29,2025-06-09 03:53:25.055011,-3670.88,0.000234
30,2025-06-05 14:14:35.776767,-35.295,3.3e-05
30,2025-06-05 14:15:12.504301,-27.3,0.0008
30,2025-06-05 16:07:17.855556,-26.13,3.4e-05
30,2025-06-06 17:36:02.062464,62.79,6.6e-05
30,2025-06-08 22:54:40.630439,28.47,0.0003
30,2025-06-08 22:55:21.590473,210.21,0.000167
30,2025-06-08 22:55:36.848039,88.53,0.000233
30,2025-06-08 22:58:03.028502,221.715,0.000167
30,2025-06-08 23:11:33.260692,89.895,0.000234
30,2025-06-08 23:12:41.868692,151.71,0.0002
30,2025-06-08 23:13:04.669758,214.5,0.000166
30,2025-06-08 23:14:35.600958,29.64,0.0003
30,2025-06-08 23:19:06.543349,209.82,0.000167
30,2025-06-08 23:19:07.464949,212.94,0.000167
30,2025-06-08 23:22:52.369449,47.385,0.000267
30,2025-06-08 23:23:33.534249,-251.94,3.3e-05
30,2025-06-08 23:24:31.936416,207.87,0.000167
30,2025-06-09 01:59:35.404114,216.06,0.000167
30,2025-06-09 02:03:05.283644,26.325,0.000333
30,2025-06-09 02:05:40.388805,-233.22,0.0002
30,2025-06-09 02:05:40.525572,2711.67,0.000534
30,2025-06-09 02:05:40.559472,-72.54,0.000634
30,2025-06-09 02:05:40.696005,1415.51,0.0007
30,2025-06-09 02:05:41.310405,-309.855,0.0003
30,2025-06-09 02:05:41.447238,2721.03,0.0005
30,2025-06-09 02:05:41.481072,-97.5,0.000634
30,2025-06-09 02:05:41.651738,-25.155,0.000966
30,2025-06-09 02:07:40.846305,-147.225,6.7e-05
30,2025-06-09 02:07:40.981872,-2755.16,6.7e-05
30,2025-06-09 02:07:41.016005,-180.96,0.000367
30,2025-06-09 02:07:41.186672,-56.94,0.0007
30,2025-06-09 02:07:41.323205,962.13,0.000933
30,2025-06-09 02:11:12.335838,2511.99,0.0006
30,2025-06-09 02:11:12.506138,1461.72,0.000733
30,2025-06-09 02:11:13.086838,2752.23,0.000533
30,2025-06-09 02:11:13.120538,-194.025,0.000366
30,2025-06-09 02:11:13.257205,2718.5,0.0005
30,2025-06-09 03:37:37.615944,-318.825,0.000667
30,2025-06-09 03:37:47.207411,1521.0,6.7e-05
30,2025-06-09 03:37:51.986077,54.015,0.0009
30,2025-06-09 03:38:01.543411,-402.87,0.000234
30,2025-06-09 03:38:06.731677,-713.31,0.0004
30,2025-06-09 03:38:06.902377,-187.98,0.0007
30,2025-06-09 03:38:07.482711,-1122.03,0.000267
30,2025-06-09 03:38:13.626611,-909.48,0.000334
30,2025-06-09 03:38:13.797277,-213.72,0.000633
30,2025-06-09 03:38:14.548211,-1132.56,0.0003
30,2025-06-09 03:38:14.718877,-240.825,0.0007
30,2025-06-09 03:38:14.889544,-61.815,0.000967
30,2025-06-09 03:38:15.469811,-995.475,0.0002
30,2025-06-09 03:38:15.640477,-306.54,0.000566
30,2025-06-09 03:38:35.949977,-243.165,0.000433
30,2025-06-09 03:38:50.285844,41.145,0.0004
30,2025-06-09 03:38:55.440011,-1089.07,0.000234
30,2025-06-09 03:38:55.610611,-448.695,0.0005
30,2025-06-09 03:39:11.278011,2546.11,0.0003
30,2025-06-09 03:39:30.324211,154.83,0.000267
30,2025-06-09 03:39:39.983944,-1007.76,3.3e-05
30,2025-06-09 03:40:08.690177,1663.55,0.000133
30,2025-06-09 03:40:28.350877,1187.55,6.6e-05
30,2025-06-09 03:40:28.521544,-293.67,0.000533
30,2025-06-09 03:40:48.762611,1886.23,0.000334
30,2025-06-09 03:40:53.575511,64.35,0.0008
30,2025-06-09 03:41:03.132811,452.79,0.000534
30,2025-06-09 03:41:07.945544,100.62,0.000867
30,2025-06-09 03:41:31.907144,1205.49,6.7e-05
30,2025-06-09 03:42:11.058077,128.895,0.000966
30,2025-06-09 03:42:45.362077,-145.275,0.000466
30,2025-06-09 03:43:19.666177,40.56,0.0006
30,2025-06-09 03:43:24.615444,212.55,0.0007
30,2025-06-09 03:43:24.649544,-33.54,0.000733
30,2025-06-09 03:43:39.702411,-247.455,0.000434
30,2025-06-09 03:43:50.044877,-52.26,0.000566
30,2025-06-09 03:43:59.602144,2601.3,0.0003
30,2025-06-09 03:44:04.892777,-1019.27,0.000233
30,2025-06-09 03:44:05.063411,-223.47,0.000734
30,2025-06-09 03:44:05.234077,-110.955,0.000933
30,2025-06-09 03:44:25.406911,-257.79,0.0004
30,2025-06-09 03:44:45.136011,-211.965,0.000734
30,2025-06-09 03:44:51.109544,-70.395,0.000567
30,2025-06-09 03:45:29.475177,-40.95,0.0003
30,2025-06-09 03:46:51.600277,129.09,0.000733
30,2025-06-09 03:47:02.044744,-74.1,0.000833
30,2025-06-09 03:47:16.346611,-26.13,0.000934
30,2025-06-09 03:47:41.161544,88.725,0.000967
30,2025-06-09 03:47:51.469811,842.4,0.0002
30,2025-06-09 03:48:06.147144,-149.565,0.000933
30,2025-06-09 03:48:06.420211,31.395,3.4e-05
30,2025-06-09 03:48:06.898077,-819.39,0.000366
30,2025-06-09 03:48:36.355144,-69.225,0.000633
30,2025-06-09 03:49:00.351044,-135.525,0.000367
30,2025-06-09 03:49:14.686877,-86.97,0.0003
30,2025-06-09 03:49:19.499677,51.675,0.000866
30,2025-06-09 03:49:48.308211,413.4,0.000667
30,2025-06-09 03:49:53.804011,-46.605,0.000934
30,2025-06-09 03:50:08.276211,-27.3,0.000934
30,2025-06-09 03:50:48.792477,-980.46,0.000333
30,2025-06-09 03:50:54.765944,2514.92,0.0003
30,2025-06-09 03:51:09.101811,576.03,0.0001
30,2025-06-09 03:51:37.876211,592.605,0.0001
30,2025-06-09 03:51:42.723144,-39.39,0.000867
30,2025-06-09 03:51:52.280511,2567.56,0.0003
30,2025-06-09 03:52:07.265177,-1109.55,0.0003
30,2025-06-09 03:52:07.606344,-116.61,0.000933
30,2025-06-09 03:52:18.051144,-140.01,0.000533
30,2025-06-09 03:52:56.348744,1456.26,6.7e-05
30,2025-06-09 03:53:15.497544,-46.995,0.000767
31,2025-06-06 17:36:02.062464,66.495,0.0002
31,2025-06-07 19:18:14.799183,25.935,0.000467
31,2025-06-07 19:18:20.874750,26.52,0.000367
31,2025-06-07 19:18:29.681183,31.98,0.0002
31,2025-06-07 21:58:35.787864,31.785,0.000366
31,2025-06-07 21:58:37.289531,29.055,0.0006
31,2025-06-08 22:54:40.630439,45.24,0.000266
31,2025-06-08 22:55:21.590473,178.425,0.000134
31,2025-06-08 22:55:21.761106,29.64,0.000333
31,2025-06-08 22:55:36.848039,99.645,0.0002
31,2025-06-08 22:58:03.028502,182.715,0.000167
31,2025-06-08 23:11:33.260692,103.74,0.000234
31,2025-06-08 23:12:41.868692,147.225,0.000167
31,2025-06-08 23:13:04.669758,183.105,0.000133
31,2025-06-08 23:14:21.503892,27.69,0.000367
31,2025-06-08 23:14:35.600958,46.41,0.0003
31,2025-06-08 23:19:06.543349,178.425,0.000133
31,2025-06-08 23:19:07.464949,181.935,0.000133
31,2025-06-08 23:22:51.447849,40.365,0.0003
31,2025-06-08 23:22:52.369449,61.815,0.000233
31,2025-06-08 23:24:31.936416,181.35,0.000134
31,2025-06-09 01:59:35.404114,183.105,0.000134
31,2025-06-09 02:03:05.283611,55.38,0.0003
31,2025-06-09 02:05:40.525338,358.8,0.000366
31,2025-06-09 02:05:40.696005,-92.04,0.000767
31,2025-06-09 02:05:41.447005,510.12,0.000333
31,2025-06-09 02:07:40.981905,-2328.5,0.000167
31,2025-06-09 02:11:12.335572,279.045,0.000234
31,2025-06-09 02:11:12.506138,-68.25,0.0008
31,2025-06-09 02:11:13.086405,-2285.21,0.000167
31,2025-06-09 02:11:13.257238,-126.165,0.0006
31,2025-06-09 03:37:17.818677,2563.86,0.000166
31,2025-06-09 03:37:47.207611,-192.465,0.000434
31,2025-06-09 03:38:01.543911,114.855,0.000834
31,2025-06-09 03:38:06.731677,954.915,0.000433
31,2025-06-09 03:38:06.902544,682.5,0.0009
31,2025-06-09 03:38:07.004744,-34.125,0.000233
31,2025-06-09 03:38:07.482644,1773.14,0.000233
31,2025-06-09 03:38:13.148744,-33.735,0.0008
31,2025-06-09 03:38:13.626611,1263.02,0.000367
31,2025-06-09 03:38:14.548211,1418.43,0.000334
31,2025-06-09 03:38:14.719011,735.345,0.0009
31,2025-06-09 03:38:15.469811,1730.82,0.000234
31,2025-06-09 03:38:15.640744,717.6,0.0009
31,2025-06-09 03:38:35.949844,282.36,0.000467
31,2025-06-09 03:38:50.285811,-584.025,0.000167
31,2025-06-09 03:38:55.269377,1786.01,0.0002
31,2025-06-09 03:38:55.440011,1718.93,0.000267
31,2025-06-09 03:38:55.611011,696.54,0.000934
31,2025-06-09 03:39:30.324211,-32.565,0.0006
31,2025-06-09 03:39:44.762644,-90.87,0.000333
31,2025-06-09 03:40:13.468944,-92.82,0.0007
31,2025-06-09 03:40:28.351044,1754.81,0.000267
31,2025-06-09 03:40:28.521877,716.04,0.0009
31,2025-06-09 03:40:28.623944,-44.265,3.3e-05
31,2025-06-09 03:40:48.762611,-547.17,0.000167
31,2025-06-09 03:40:53.575411,120.9,0.000834
31,2025-06-09 03:41:03.132744,-99.06,0.0005
31,2025-06-09 03:41:31.907144,-60.645,0.0004
31,2025-06-09 03:42:45.362077,-159.705,0.0006
31,2025-06-09 03:43:19.666144,-133.965,0.000367
31,2025-06-09 03:43:24.615411,-400.53,0.000534
31,2025-06-09 03:43:39.702344,241.995,0.0003
31,2025-06-09 03:43:50.044877,-118.755,0.0009
31,2025-06-09 03:43:59.602077,908.505,6.6e-05
31,2025-06-09 03:44:04.585777,-38.22,0.0009
31,2025-06-09 03:44:04.892777,1770.02,0.000266
31,2025-06-09 03:44:05.063544,713.115,0.0009
31,2025-06-09 03:44:05.165811,-25.74,0.000234
31,2025-06-09 03:44:05.234077,704.925,0.000966
31,2025-06-09 03:44:25.406877,174.915,0.0003
31,2025-06-09 03:44:45.136177,722.085,0.000933
31,2025-06-09 03:44:45.238344,-30.81,0.000233
31,2025-06-09 03:44:51.109277,-126.165,0.000633
31,2025-06-09 03:45:05.513544,-142.935,0.000633
31,2025-06-09 03:45:19.849544,-25.74,0.0007
31,2025-06-09 03:45:29.475177,-98.865,0.0003
31,2025-06-09 03:45:58.249544,-81.9,0.0004
31,2025-06-09 03:46:51.600144,-100.425,0.0007
31,2025-06-09 03:47:02.044744,-98.475,0.0008
31,2025-06-09 03:47:16.346611,-169.845,0.000667
31,2025-06-09 03:47:21.944477,-117.195,0.000733
31,2025-06-09 03:47:56.316744,-43.095,0.0006
31,2025-06-09 03:48:06.147144,509.34,0.000967
31,2025-06-09 03:48:06.898077,1185.6,0.0004
31,2025-06-09 03:48:07.649044,-95.16,0.000833
31,2025-06-09 03:49:00.350877,-343.005,0.000166
31,2025-06-09 03:49:14.686944,-513.825,0.000167
31,2025-06-09 03:49:48.308344,-143.91,0.0008
31,2025-06-09 03:49:49.025011,1219.33,6.7e-05
31,2025-06-09 03:49:53.803677,-83.265,0.000733
31,2025-06-09 03:50:48.792477,1304.16,0.000366
31,2025-06-09 03:51:09.101844,249.99,0.000267
31,2025-06-09 03:51:23.540477,-183.885,0.0004
31,2025-06-09 03:51:37.876211,358.995,0.000234
31,2025-06-09 03:51:47.433611,2017.08,0.000134
31,2025-06-09 03:51:52.280744,-165.36,0.0004
31,2025-06-09 03:52:07.265111,1774.89,0.000267
31,2025-06-09 03:52:18.051144,-42.705,0.000733
31,2025-06-09 03:52:41.944577,1822.86,0.000133
31,2025-06-09 03:52:56.348777,-85.41,0.000433
31,2025-06-09 03:53:10.684811,-636.09,0.000167
31,2025-06-09 03:53:15.497544,-90.285,0.000867
